"No","Event ID","Date time","Latitude","Longitude","Magnitude","Mag Type","Depth (km)","Phase Count","Azimuth Gap","Location","Agency"
"1","bmg2022racl","2022-08-30T23:20:49.154653Z","2.879045486","98.5354538","3.252994973","M","10","33","112.5282056","Northern Sumatra, Indonesia","BMKG"
"2","bmg2022qzzx","2022-08-30T22:03:09.436785Z","-4.890196323","121.8093948","3.294680466","M","15","34","57.76288986","Sulawesi, Indonesia","BMKG"
"3","bmg2022qzyc","2022-08-30T21:08:22.863097Z","-0.3307279944","122.9724808","3.30286632","M","18","39","85.26704407","Minahassa Peninsula, Sulawesi","BMKG"
"4","bmg2022qzxf","2022-08-30T20:41:45.776452Z","4.186941624","126.8093109","4.278003475","M","34","54","255.5141754","Talaud Islands, Indonesia","BMKG"
"5","bmg2022qzww","2022-08-30T20:30:58.496039Z","-0.04081766307","123.0485764","3.394978091","M","92","27","73.09273529","Minahassa Peninsula, Sulawesi","BMKG"
"6","bmg2022qzub","2022-08-30T19:06:20.383873Z","-3.70682621","128.8825989","4.445857293","M","121","101","36.47309875","Seram, Indonesia","BMKG"
"7","bmg2022qzsk","2022-08-30T18:16:08.419186Z","-0.6730564833","98.50014496","3.760071113","M","28","47","184.7734375","Southern Sumatra, Indonesia","BMKG"
"8","bmg2022qzsh","2022-08-30T18:12:29.991362Z","1.543542385","127.6669693","2.18104736","M","10","8","129.9440212","Halmahera, Indonesia","BMKG"
"9","bmg2022qzsb","2022-08-30T18:06:09.171573Z","-7.895244598","120.3078537","3.05337835","M","17","25","90.71157455","Flores Sea","BMKG"
"10","bmg2022qzrp","2022-08-30T17:52:16.715966Z","-7.841653824","119.4642944","3.848840712","M","264","44","150.8324203","Flores Sea","BMKG"
"11","bmg2022qzre","2022-08-30T17:39:00.193426Z","-7.504875183","121.5932922","3.078021521","M","22","24","77.87753296","Flores Sea","BMKG"
"12","bmg2022qzjp","2022-08-30T13:48:48.450208Z","-8.387935638","118.5479889","3.726087965","M","138","52","94.40245438","Sumbawa Region, Indonesia","BMKG"
"13","bmg2022qzjj","2022-08-30T13:42:27.456354Z","-1.234855413","134.3118591","3.850898901","M","11","24","158.7969284","Irian Jaya Region, Indonesia","BMKG"
"14","bmg2022qziv","2022-08-30T13:25:46.900371Z","0.5011914968","121.2555618","3.200109759","M","69","32","58.80941772","Minahassa Peninsula, Sulawesi","BMKG"
"15","bmg2022qzio","2022-08-30T13:17:59.266635Z","-8.730978966","115.6213074","3.029045277","M","10","39","157.6708679","Bali Region, Indonesia","BMKG"
"16","bmg2022qzih","2022-08-30T13:09:53.617061Z","3.308650255","97.24293518","3.62948466","M","10","45","76.88008118","Northern Sumatra, Indonesia","BMKG"
"17","bmg2022qzgx","2022-08-30T12:27:39.153723Z","-1.154234171","123.6354523","4.025485211","M","10","46","67.1368103","Sulawesi, Indonesia","BMKG"
"18","bmg2022qzgr","2022-08-30T12:20:47.062017Z","4.584157467","127.6095352","4.481801189","M","99","43","170.8752441","Talaud Islands, Indonesia","BMKG"
"19","bmg2022qzev","2022-08-30T11:24:25.096649Z","0.3982439637","99.83065796","3.639181898","M","138","43","67.59016418","Northern Sumatra, Indonesia","BMKG"
"20","bmg2022qyrg","2022-08-30T04:33:18.835677Z","-0.1022446305","123.2082138","4.425849241","M","136","90","49.81282806","Minahassa Peninsula, Sulawesi","BMKG"
"21","bmg2022qyer","2022-08-29T22:12:17.634799Z","-2.132905006","139.0747833","3.800544913","M","22","18","170.6585693","Near North Coast of Irian Jaya","BMKG"
"22","bmg2022qyen","2022-08-29T22:07:45.208945Z","-0.8638367653","99.02787018","3.718840289","M","11","32","163.6547394","Southern Sumatra, Indonesia","BMKG"
"23","bmg2022qybs","2022-08-29T20:41:57.967259Z","-8.404330254","117.8279343","2.820511888","M","157","37","91.6738348","Sumbawa Region, Indonesia","BMKG"
"24","bmg2022qxwr","2022-08-29T18:09:32.055418Z","-4.849658966","139.4755096","3.731862496","MLv","10","17","92.85491943","Irian Jaya, Indonesia","BMKG"
"25","bmg2022qxwq","2022-08-29T18:08:37.807192Z","1.050351381","99.50971985","3.145133637","M","10","27","88.55992126","Northern Sumatra, Indonesia","BMKG"
"26","bmg2022qxvg","2022-08-29T17:26:23.905461Z","-1.036901593","98.69173431","3.812068658","M","59","23","220.1151123","Southern Sumatra, Indonesia","BMKG"
"27","bmg2022qxto","2022-08-29T16:35:13.940551Z","-9.011019707","117.6542816","3.001251044","M","122","48","161.3897781","Sumbawa Region, Indonesia","BMKG"
"28","bmg2022qxth","2022-08-29T16:26:59.614441Z","-6.997549534","126.8901901","4.418505341","M","398","61","91.59918213","Banda Sea","BMKG"
"29","bmg2022qxrp","2022-08-29T15:35:11.874637Z","-1.008387685","98.91101074","3.739894804","M","88","20","213.1764401","Southern Sumatra, Indonesia","BMKG"
"30","bmg2022qxri","2022-08-29T15:27:34.270211Z","0.5176018476","121.2092743","2.551951759","M","53","14","141.955162","Minahassa Peninsula, Sulawesi","BMKG"
"31","bmg2022qxop","2022-08-29T14:04:04.334807Z","0.2740363777","121.9255295","3.828597761","M","187","44","33.39578962","Minahassa Peninsula, Sulawesi","BMKG"
"32","bmg2022qxly","2022-08-29T12:44:18.913924Z","-1.200356007","98.46279907","4.565308901","M","13","72","166.8189392","Southern Sumatra, Indonesia","BMKG"
"33","bmg2022qxlr","2022-08-29T12:35:35.737727Z","-1.112390041","98.66925049","4.287347016","M","53","54","193.102951","Southern Sumatra, Indonesia","BMKG"
"34","bmg2022qxlm","2022-08-29T12:30:09.16513Z","-1.03072679","98.61533356","3.786354048","M","117","20","216.6841278","Southern Sumatra, Indonesia","BMKG"
"35","bmg2022qxkd","2022-08-29T11:49:46.629797Z","-7.999377728","117.3777695","3.020536892","M","10","28","223.3270187","Bali Sea","BMKG"
"36","bmg2022qxjz","2022-08-29T11:44:09.494515Z","-1.213659644","98.43666077","4.569797225","M","13","66","214.712326","Southern Sumatra, Indonesia","BMKG"
"37","bmg2022qxjl","2022-08-29T11:28:28.12564Z","-1.091584563","98.60540771","4.409033185","M","10","37","202.0306702","Southern Sumatra, Indonesia","BMKG"
"38","bmg2022qxji","2022-08-29T11:24:52.527756Z","-0.9735943079","98.51725006","4.02384124","M","10","25","202.0151825","Southern Sumatra, Indonesia","BMKG"
"39","bmg2022qxix","2022-08-29T11:11:48.038616Z","-1.226589203","98.41703033","5.12693519","M","19","124","119.0279236","Southern Sumatra, Indonesia","BMKG"
"40","bmg2022qxio","2022-08-29T11:01:13.720188Z","-1.044728398","98.67166901","4.580497737","M","10","62","190.1624451","Southern Sumatra, Indonesia","BMKG"
"41","bmg2022qxim","2022-08-29T10:58:38.080393Z","-0.007312070113","123.909462","4.691043566","M","99","130","44.41425467","Minahassa Peninsula, Sulawesi","BMKG"
"42","bmg2022qxil","2022-08-29T10:58:16.89819Z","-1.080934763","98.66928864","4.490272228","M","17","20","212.0888214","Southern Sumatra, Indonesia","BMKG"
"43","bmg2022qxgk","2022-08-29T09:55:48.0788Z","-0.1447018832","122.5291977","2.894020854","M","29","15","93.91784668","Minahassa Peninsula, Sulawesi","BMKG"
"44","bmg2022qxdr","2022-08-29T08:33:26.087533Z","-2.21920681","127.9084549","4.113059725","M","77","41","64.23779202","Ceram Sea","BMKG"
"45","bmg2022qxch","2022-08-29T07:51:28.18366Z","4.809994698","96.23094177","3.503005148","M","10","38","100.002037","Northern Sumatra, Indonesia","BMKG"
"46","bmg2022qxbd","2022-08-29T07:16:02.179157Z","-4.279076576","133.8193359","3.673492909","M","15","20","70.25387573","Irian Jaya Region, Indonesia","BMKG"
"47","bmg2022qwwm","2022-08-29T04:55:17.529965Z","-9.4622612","117.1194305","3.646178269","M","33","54","192.8437653","Sumbawa Region, Indonesia","BMKG"
"48","bmg2022qwvk","2022-08-29T04:22:36.686759Z","3.6581707","127.3976517","4.168123233","M","12","26","201.7099152","Talaud Islands, Indonesia","BMKG"
"49","bmg2022qwuj","2022-08-29T03:50:58.816061Z","2.481246471","126.7778854","4.28017359","M","53","41","104.6745148","Northern Molucca Sea","BMKG"
"50","bmg2022qwtq","2022-08-29T03:29:16.044617Z","-1.04390192","98.6208725","6.125870894","Mw(mB)","33","432","26.65652466","Southern Sumatra, Indonesia","BMKG"
"51","bmg2022qwox","2022-08-29T01:05:24.847376Z","-7.99709034","106.9512558","3.206328579","M","11","30","245.1876144","Java, Indonesia","BMKG"
"52","bmg2022qwng","2022-08-29T00:15:01.860809Z","1.635156155","126.3504486","3.879666745","M","10","22","104.8526363","Northern Molucca Sea","BMKG"
"53","bmg2022qwkz","2022-08-28T23:06:48.512836Z","-1.052751899","98.77661133","3.838088388","M","10","23","191.6812897","Southern Sumatra, Indonesia","BMKG"
"54","bmg2022qwjx","2022-08-28T22:34:37.807159Z","-0.9818328023","98.67789459","5.705573049","Mw(mB)","35","385","39.36599731","Southern Sumatra, Indonesia","BMKG"
"55","bmg2022qwjo","2022-08-28T22:23:06.761201Z","-10.44454002","113.7031403","4.004607753","M","10","29","248.3888893","South of Java, Indonesia","BMKG"
"56","bmg2022qwha","2022-08-28T21:06:53.571776Z","0.3598894179","124.8055191","3.224391477","M","26","17","221.3702974","Minahassa Peninsula, Sulawesi","BMKG"
"57","bmg2022qwfx","2022-08-28T20:32:18.368116Z","3.780898809","122.2905426","4.575653989","M","587","288","41.98229599","Celebes Sea","BMKG"
"58","bmg2022qwdv","2022-08-28T19:29:22.663891Z","0.9468389153","99.54827118","3.520823613","M","126","38","112.0511932","Northern Sumatra, Indonesia","BMKG"
"59","bmg2022qwdi","2022-08-28T19:14:21.233971Z","0.3859943748","98.6756897","3.22289232","M","21","21","213.4663849","Northern Sumatra, Indonesia","BMKG"
"60","bmg2022qwbb","2022-08-28T18:05:54.460862Z","1.652638435","123.2015762","4.183673511","M","10","30","246.4877625","Minahassa Peninsula, Sulawesi","BMKG"
"61","bmg2022qwag","2022-08-28T17:41:26.039348Z","1.55809021","123.1788864","4.523525366","M","10","38","155.4811249","Minahassa Peninsula, Sulawesi","BMKG"
"62","bmg2022qvzs","2022-08-28T17:24:37.728827Z","-2.416392326","122.6789398","3.926104373","M","10","31","155.939888","Sulawesi, Indonesia","BMKG"
"63","bmg2022qvza","2022-08-28T17:04:42.260209Z","-1.061518192","98.54423523","4.846475981","M","33","225","188.3305206","Southern Sumatra, Indonesia","BMKG"
"64","bmg2022qvwt","2022-08-28T15:54:52.540453Z","-8.700165749","116.312294","2.786403918","M","88","37","83.96364594","Sumbawa Region, Indonesia","BMKG"
"65","bmg2022qvvj","2022-08-28T15:13:18.746653Z","-1.46468997","119.3382492","3.154598578","M","10","30","182.8273662","Sulawesi, Indonesia","BMKG"
"66","bmg2022qvsp","2022-08-28T13:49:13.307932Z","0.4678654671","125.1799622","3.366044764","M","10","25","75.99214172","Northern Molucca Sea","BMKG"
"67","bmg2022qvsk","2022-08-28T13:43:10.216965Z","0.07945607603","98.68039703","3.748818992","M","16","25","178.0423126","Northern Sumatra, Indonesia","BMKG"
"68","bmg2022qvqm","2022-08-28T12:45:45.083262Z","-8.863328934","118.7288132","3.465573742","M","10","29","126.1268005","Sumbawa Region, Indonesia","BMKG"
"69","bmg2022qvpz","2022-08-28T12:30:29.655192Z","-9.30351162","110.3525543","3.666963395","M","10","19","239.7997131","South of Java, Indonesia","BMKG"
"70","bmg2022qvoz","2022-08-28T11:59:20.766421Z","-2.946273804","119.4065247","2.939058844","M","10","15","107.5234165","Sulawesi, Indonesia","BMKG"
"71","bmg2022qvor","2022-08-28T11:50:01.793169Z","0.5925151706","122.3022537","2.013242978","M","77","10","80.38931751","Minahassa Peninsula, Sulawesi","BMKG"
"72","bmg2022qvoc","2022-08-28T11:33:20.406568Z","-1.325753331","120.4309235","2.929179089","M","10","27","63.06268215","Sulawesi, Indonesia","BMKG"
"73","bmg2022qvmc","2022-08-28T10:32:48.810845Z","0.8710591197","122.5899277","3.508355016","M","22","25","156.9896393","Minahassa Peninsula, Sulawesi","BMKG"
"74","bmg2022qviz","2022-08-28T08:57:40.985305Z","-2.503959656","121.2101517","2.754356219","M","10","15","84.92105103","Sulawesi, Indonesia","BMKG"
"75","bmg2022qvhk","2022-08-28T08:09:57.276504Z","-9.444800377","117.1294556","4.4095135","M","36","73","187.5271606","Sumbawa Region, Indonesia","BMKG"
"76","bmg2022qvhb","2022-08-28T07:59:08.542453Z","-6.424696922","105.5256958","3.340410779","M","10","31","164.982666","Sunda Strait, Indonesia","BMKG"
"77","bmg2022qvgu","2022-08-28T07:51:59.608609Z","-6.58641386","128.4386597","4.470523774","M","339","22","79.05574036","Banda Sea","BMKG"
"78","bmg2022qvgt","2022-08-28T07:50:05.32029Z","1.202067971","99.49860382","3.264920921","M","10","29","56.40679932","Northern Sumatra, Indonesia","BMKG"
"79","bmg2022qvgq","2022-08-28T07:47:25.847223Z","-9.59828949","112.9062347","3.799628229","M","11","38","222.7273026","South of Java, Indonesia","BMKG"
"80","bmg2022qvgm","2022-08-28T07:42:27.004863Z","-9.543789864","112.8379898","3.718276185","M","14","27","224.0473022","South of Java, Indonesia","BMKG"
"81","bmg2022qvgk","2022-08-28T07:39:22.175766Z","-9.763629913","112.8666","3.851630506","M","20","19","247.6509056","South of Java, Indonesia","BMKG"
"82","bmg2022qvge","2022-08-28T07:32:54.438756Z","-9.518541336","112.9301605","4.840049577","M","10","146","98.79299927","South of Java, Indonesia","BMKG"
"83","bmg2022qvfy","2022-08-28T07:25:43.677673Z","-6.400022984","105.5706711","3.3192961","M","10","31","150.6056519","Sunda Strait, Indonesia","BMKG"
"84","bmg2022qvcz","2022-08-28T05:55:57.592236Z","-6.142192364","130.4125061","4.633141847","M","146","21","75.11569214","Banda Sea","BMKG"
"85","bmg2022qvbc","2022-08-28T04:58:54.250322Z","5.333688259","125.4614563","5.008321216","Mw(mB)","174","232","51.3317337","Mindanao, Philippines","BMKG"
"86","bmg2022qusu","2022-08-28T00:48:19.833736Z","-7.282372952","126.9105835","4.415880366","M","352","45","69.86639404","Banda Sea","BMKG"
"87","bmg2022quky","2022-08-27T20:49:52.406586Z","-10.44809818","109.5022736","5.311250971","M","10","161","189.5021057","South of Java, Indonesia","BMKG"
"88","bmg2022qudg","2022-08-27T16:56:40.38905Z","4.786008358","96.23416138","2.660185177","M","10","19","160.9472351","Northern Sumatra, Indonesia","BMKG"
"89","bmg2022quci","2022-08-27T16:28:13.954639Z","-2.86909461","127.3022614","3.117278979","M","19","15","103.0177002","Ceram Sea","BMKG"
"90","bmg2022qubc","2022-08-27T15:50:21.489542Z","-0.1428543925","123.363266","3.659615255","M","121","61","64.31282806","Minahassa Peninsula, Sulawesi","BMKG"
"91","bmg2022quav","2022-08-27T15:42:14.779132Z","1.552817702","127.2045822","3.013744704","M","119","25","71.41804504","Halmahera, Indonesia","BMKG"
"92","bmg2022quau","2022-08-27T15:41:46.340335Z","-5.685121059","102.644928","3.941647801","M","47","44","204.9103775","Southern Sumatra, Indonesia","BMKG"
"93","bmg2022quae","2022-08-27T15:23:02.828614Z","-8.276610374","118.3245239","2.554361566","M","103","39","161.7649078","Sumbawa Region, Indonesia","BMKG"
"94","bmg2022qtyt","2022-08-27T14:39:40.615047Z","-8.288419724","107.6958237","3.06491359","M","32","36","241.5668793","Java, Indonesia","BMKG"
"95","bmg2022qtvn","2022-08-27T13:01:13.621902Z","-8.444213867","122.7736588","3.717277951","M","73","25","97.15756226","Flores Region, Indonesia","BMKG"
"96","bmg2022qtvl","2022-08-27T12:58:56.348939Z","-7.709609985","127.6595306","4.492902589","M","110","23","103.0871716","Banda Sea","BMKG"
"97","bmg2022qtvj","2022-08-27T12:57:06.285973Z","-3.560168505","128.7161713","2.401157879","M","10","12","184.1309586","Seram, Indonesia","BMKG"
"98","bmg2022qtvd","2022-08-27T12:49:48.049739Z","-3.533410788","128.1924133","1.983754846","M","10","8","152.2062571","Seram, Indonesia","BMKG"
"99","bmg2022qtnr","2022-08-27T09:04:23.246818Z","-1.526037812","119.3732681","2.898597618","M","10","18","175.4227295","Sulawesi, Indonesia","BMKG"
"100","bmg2022qtlh","2022-08-27T07:51:26.019673Z","-8.087028503","110.7687759","3.023160971","M","96","29","177.3827896","Java, Indonesia","BMKG"
"101","bmg2022qtkx","2022-08-27T07:39:25.42549Z","-1.475260735","119.3183746","4.062978499","M","10","26","187.3152018","Sulawesi, Indonesia","BMKG"
"102","bmg2022qtjl","2022-08-27T06:56:01.521535Z","-1.462346792","119.2974472","3.564389121","M","10","25","179.2309437","Sulawesi, Indonesia","BMKG"
"103","bmg2022qtgl","2022-08-27T05:24:47.61947Z","-7.362748146","129.0460968","4.672849106","M","140","22","107.675972","Banda Sea","BMKG"
"104","bmg2022qted","2022-08-27T04:15:07.908024Z","-8.656904221","107.6593857","3.407404584","M","23","23","242.4412079","Java, Indonesia","BMKG"
"105","bmg2022qtcq","2022-08-27T03:29:23.303135Z","3.834695101","126.6784058","3.940856424","M","12","17","136.965332","Talaud Islands, Indonesia","BMKG"
"106","bmg2022qsyj","2022-08-27T01:19:23.387668Z","-0.03160849586","125.0390244","3.579491673","M","15","15","222.5142169","Southern Molucca Sea","BMKG"
"107","bmg2022qssk","2022-08-26T22:18:56.2979Z","2.392640829","98.93115234","3.159885219","M","134","42","141.1922607","Northern Sumatra, Indonesia","BMKG"
"108","bmg2022qsqq","2022-08-26T21:25:42.229011Z","-8.339912415","112.1917343","3.995642231","M","110","75","178.6514053","Java, Indonesia","BMKG"
"109","bmg2022qsps","2022-08-26T20:57:38.450455Z","-9.525938034","118.7211075","2.557232568","M","32","16","193.292038","Sumbawa Region, Indonesia","BMKG"
"110","bmg2022qsoy","2022-08-26T20:34:08.282696Z","1.465752959","126.9340286","3.173219105","M","31","25","84.81948853","Northern Molucca Sea","BMKG"
"111","bmg2022qsob","2022-08-26T20:07:36.254117Z","-1.255038619","119.3913956","3.075358581","M","10","25","150.8817902","Sulawesi, Indonesia","BMKG"
"112","bmg2022qsbv","2022-08-26T13:57:10.553573Z","1.638516903","127.2703476","4.290322527","M","113","52","75.31970215","Halmahera, Indonesia","BMKG"
"113","bmg2022qryu","2022-08-26T12:24:16.06695Z","-0.1237166226","125.1784515","4.40019658","M","10","73","56.77850342","Southern Molucca Sea","BMKG"
"114","bmg2022qrto","2022-08-26T09:45:54.463636Z","-2.42934823","139.5087433","3.04664708","M","14","12","154.9310837","Near North Coast of Irian Jaya","BMKG"
"115","bmg2022qrtf","2022-08-26T09:35:39.5947Z","-7.785346031","107.2697983","2.810826497","M","30","25","211.2837524","Java, Indonesia","BMKG"
"116","bmg2022qrsy","2022-08-26T09:27:38.666083Z","-7.741615295","111.9833908","2.946676359","M","10","24","117.7401505","Java, Indonesia","BMKG"
"117","bmg2022qrmh","2022-08-26T06:05:17.307988Z","-2.366974592","140.1447449","2.684455695","M","17","5","269.9033737","Near North Coast of Irian Jaya","BMKG"
"118","bmg2022qrkk","2022-08-26T05:08:36.596993Z","-9.551361084","118.0687256","2.811229136","M","27","26","198.1271744","Sumbawa Region, Indonesia","BMKG"
"119","bmg2022qrkf","2022-08-26T05:02:47.444399Z","-9.158082008","116.7741852","2.445283848","M","10","7","250.7840652","Sumbawa Region, Indonesia","BMKG"
"120","bmg2022qrjz","2022-08-26T04:55:32.816013Z","0.3300937116","127.7046509","2.423851241","MLv","83","9","103.7068634","Halmahera, Indonesia","BMKG"
"121","bmg2022qrjt","2022-08-26T04:49:07.386836Z","-7.189244747","107.5976334","1.796953307","M","10","6","121.4592743","Java, Indonesia","BMKG"
"122","bmg2022qrje","2022-08-26T04:30:51.589185Z","-8.288351059","118.1931458","2.556483247","M","13","24","151.2963638","Sumbawa Region, Indonesia","BMKG"
"123","bmg2022qrip","2022-08-26T04:14:00.181561Z","-9.002467155","116.740181","2.514423803","M","10","4","226.8743439","Sumbawa Region, Indonesia","BMKG"
"124","bmg2022qrhs","2022-08-26T03:46:25.357533Z","1.817209244","127.2643051","4.408891764","M","25","50","84.71096802","Halmahera, Indonesia","BMKG"
"125","bmg2022qrhj","2022-08-26T03:36:58.313875Z","-4.932275295","130.6346588","4.104649151","M","105","28","134.3720398","Banda Sea","BMKG"
"126","bmg2022qrhi","2022-08-26T03:34:50.061865Z","-7.791012287","112.9479141","3.246605609","M","13","39","71.65635681","Java, Indonesia","BMKG"
"127","bmg2022qrcp","2022-08-26T01:11:45.346957Z","-2.39907527","122.6093445","3.746871958","M","10","26","152.2182732","Sulawesi, Indonesia","BMKG"
"128","bmg2022qrab","2022-08-25T23:55:27.359786Z","1.02807653","97.08786774","3.699823215","M","18","24","221.2089005","Northern Sumatra, Indonesia","BMKG"
"129","bmg2022qqwd","2022-08-25T21:55:24.164556Z","-7.746165276","111.9920731","3.827262846","M","10","52","58.69934082","Java, Indonesia","BMKG"
"130","bmg2022qqsv","2022-08-25T20:16:13.069057Z","-1.211978078","133.4992371","3.588418153","M","10","17","76.43506241","Irian Jaya Region, Indonesia","BMKG"
"131","bmg2022qqoi","2022-08-25T17:59:07.891247Z","1.41759181","126.9525986","3.015523908","M","53","17","109.3460732","Northern Molucca Sea","BMKG"
"132","bmg2022qqnx","2022-08-25T17:47:00.090836Z","3.83450532","124.8371887","3.562975422","M","10","12","208.1858521","Celebes Sea","BMKG"
"133","bmg2022qqmc","2022-08-25T16:51:52.89352Z","0.7791792154","122.254364","3.698788569","M","65","28","123.5702477","Minahassa Peninsula, Sulawesi","BMKG"
"134","bmg2022qqcu","2022-08-25T12:09:26.951655Z","1.389420867","127.0690384","3.622831585","M","110","38","65.02789307","Halmahera, Indonesia","BMKG"
"135","bmg2022qqao","2022-08-25T11:01:21.644506Z","-9.594305038","116.301506","3.837156041","M","28","62","203.4284439","Sumbawa Region, Indonesia","BMKG"
"136","bmg2022qpyb","2022-08-25T09:46:16.079728Z","-6.16447401","130.6060791","4.991406551","M","141","87","35.35314941","Banda Sea","BMKG"
"137","bmg2022qplj","2022-08-25T03:21:32.355215Z","-4.676541805","101.7190094","5.230641115","M","43","229","161.1092072","Southern Sumatra, Indonesia","BMKG"
"138","bmg2022qpkh","2022-08-25T02:48:48.845391Z","-7.896562099","106.6267776","4.294552737","M","10","72","222.2777786","Java, Indonesia","BMKG"
"139","bmg2022qphi","2022-08-25T01:18:35.370285Z","0.3616422415","122.0139313","3.688448257","M","178","37","62.03505135","Minahassa Peninsula, Sulawesi","BMKG"
"140","bmg2022qpfy","2022-08-25T00:37:20.36232Z","-0.8454729915","100.6079712","2.996173834","M","10","11","145.7352905","Southern Sumatra, Indonesia","BMKG"
"141","bmg2022qpdj","2022-08-24T23:19:01.202133Z","1.593117118","126.5862045","3.360033112","M","13","20","87.18618774","Northern Molucca Sea","BMKG"
"142","bmg2022qpbu","2022-08-24T22:30:30.438428Z","-0.02675474994","123.5415573","2.9999558","M","71","14","159.1546135","Minahassa Peninsula, Sulawesi","BMKG"
"143","bmg2022qpal","2022-08-24T21:50:16.542669Z","-0.149405092","123.8470078","3.782457803","M","85","21","130.3653107","Minahassa Peninsula, Sulawesi","BMKG"
"144","bmg2022qoxe","2022-08-24T20:10:52.071983Z","3.529067039","127.1803436","4.86667478","M","10","43","169.0745544","Talaud Islands, Indonesia","BMKG"
"145","bmg2022qose","2022-08-24T17:39:15.63427Z","-2.918084621","119.4661407","2.265821984","M","10","13","113.1549287","Sulawesi, Indonesia","BMKG"
"146","bmg2022qorm","2022-08-24T17:18:02.731848Z","-1.387242436","100.4462433","3.187360862","M","50","18","106.8283234","Southern Sumatra, Indonesia","BMKG"
"147","bmg2022qord","2022-08-24T17:07:38.969485Z","1.852323771","126.4988174","3.065420583","M","10","18","130.2709656","Northern Molucca Sea","BMKG"
"148","bmg2022qopg","2022-08-24T16:10:47.049246Z","-0.183623895","122.8264923","2.918360565","M","76","22","75.7350235","Minahassa Peninsula, Sulawesi","BMKG"
"149","bmg2022qoot","2022-08-24T15:56:08.199418Z","0.6171849966","122.2872925","3.220368906","M","99","33","69.68476677","Minahassa Peninsula, Sulawesi","BMKG"
"150","bmg2022qoop","2022-08-24T15:50:53.739021Z","-8.744895935","116.3281097","2.303316304","M","21","17","108.3882065","Sumbawa Region, Indonesia","BMKG"
"151","bmg2022qooh","2022-08-24T15:41:40.65632Z","0.8186451793","126.0423279","3.088589622","M","11","26","102.7409515","Northern Molucca Sea","BMKG"
"152","bmg2022qonx","2022-08-24T15:29:50.295791Z","-5.221365929","103.0114746","3.386067403","M","45","25","148.9210358","Southern Sumatra, Indonesia","BMKG"
"153","bmg2022qono","2022-08-24T15:19:36.688582Z","0.2442584336","122.3660889","2.869027976","M","104","23","61.4125061","Minahassa Peninsula, Sulawesi","BMKG"
"154","bmg2022qomw","2022-08-24T14:59:08.562795Z","-0.1937659234","122.9570389","2.713371615","M","87","20","85.46385956","Minahassa Peninsula, Sulawesi","BMKG"
"155","bmg2022qoiv","2022-08-24T12:56:20.829904Z","-8.212709427","108.3620224","3.470533029","M","40","41","205.7124481","Java, Indonesia","BMKG"
"156","bmg2022qohp","2022-08-24T12:19:10.258312Z","-8.570240021","118.4329681","3.484253258","M","115","39","87.35191345","Sumbawa Region, Indonesia","BMKG"
"157","bmg2022qnzi","2022-08-24T08:08:02.982248Z","-6.081520557","130.6665344","4.632580754","M","152","30","73.60035706","Banda Sea","BMKG"
"158","bmg2022qnvv","2022-08-24T06:21:42.508454Z","-9.134356499","110.4491653","3.488718654","M","10","19","228.9119186","South of Java, Indonesia","BMKG"
"159","bmg2022qnql","2022-08-24T03:39:26.951911Z","-8.900524139","117.8041916","3.674083772","M","10","40","156.2959671","Sumbawa Region, Indonesia","BMKG"
"160","bmg2022qnoo","2022-08-24T02:41:29.917672Z","-5.227935791","103.0119324","4.339252183","M","18","46","139.2741852","Southern Sumatra, Indonesia","BMKG"
"161","bmg2022qnmx","2022-08-24T01:51:57.267395Z","-5.205161572","103.0210266","3.654046539","M","21","45","147.2566223","Southern Sumatra, Indonesia","BMKG"
"162","bmg2022qnka","2022-08-24T00:24:36.086767Z","-5.182876587","103.0213394","3.632243101","M","23","36","144.9654312","Southern Sumatra, Indonesia","BMKG"
"163","bmg2022qnjz","2022-08-24T00:23:19.250934Z","0.2015605718","121.9890366","2.889677558","M","169","21","76.57756042","Minahassa Peninsula, Sulawesi","BMKG"
"164","bmg2022qnik","2022-08-23T23:35:05.206644Z","-9.022603035","112.5420456","3.773226106","M","71","52","206.5904007","South of Java, Indonesia","BMKG"
"165","bmg2022qnhw","2022-08-23T23:19:09.876009Z","-7.943956852","117.3628693","2.985648359","M","12","24","232.5700226","Bali Sea","BMKG"
"166","bmg2022qneu","2022-08-23T21:45:41.928606Z","-8.897969246","118.6227798","2.666925672","M","83","29","132.7816315","Sumbawa Region, Indonesia","BMKG"
"167","bmg2022qncb","2022-08-23T20:23:18.08956Z","2.126030684","129.3426208","3.909191663","M","52","38","179.2790604","Halmahera, Indonesia","BMKG"
"168","bmg2022qnbw","2022-08-23T20:17:01.483618Z","-2.328251362","120.1618729","2.422796998","M","10","23","97.3129425","Sulawesi, Indonesia","BMKG"
"169","bmg2022qnaw","2022-08-23T19:46:52.546831Z","-6.425628185","103.5971756","4.922288256","Mw(mB)","57","309","80.12667847","Southwest of Sumatra, Indonesia","BMKG"
"170","bmg2022qmzw","2022-08-23T19:16:28.323802Z","-0.02895475924","98.16368103","3.759832344","M","35","42","177.9478149","Southern Sumatra, Indonesia","BMKG"
"171","bmg2022qmvf","2022-08-23T16:55:34.858601Z","-9.48445034","124.4607468","2.051580781","M","24","12","127.161953","Timor Region","BMKG"
"172","bmg2022qmuw","2022-08-23T16:45:10.837309Z","4.022767067","95.95915985","4.528959043","M","39","65","161.2246552","Northern Sumatra, Indonesia","BMKG"
"173","bmg2022qmuc","2022-08-23T16:22:04.692611Z","-2.392805338","140.5041199","3.246630515","M","10","9","198.3360596","Near North Coast of Irian Jaya","BMKG"
"174","bmg2022qmsx","2022-08-23T15:45:58.346384Z","-9.112833977","110.3999329","4.207971361","M","16","69","218.210022","South of Java, Indonesia","BMKG"
"175","bmg2022qmsw","2022-08-23T15:44:01.998682Z","-5.229547501","103.0021667","3.826312116","M","22","45","143.0178604","Southern Sumatra, Indonesia","BMKG"
"176","bmg2022qmsl","2022-08-23T15:31:49.422007Z","-9.549283028","124.6610184","4.105312536","M","11","30","94.40769768","Timor Region","BMKG"
"177","bmg2022qmqm","2022-08-23T14:31:41.008261Z","-5.17764473","102.9861145","6.556743412","Mw(mB)","63","497","22.9022522","Southern Sumatra, Indonesia","BMKG"
"178","bmg2022qmot","2022-08-23T13:39:12.738953Z","-5.337840557","131.46315","5.180792059","Mw(mB)","109","304","26.3829422","Banda Sea","BMKG"
"179","bmg2022qmnh","2022-08-23T12:55:38.188322Z","-7.744789124","111.9980164","3.286223703","M","10","37","78.94898987","Java, Indonesia","BMKG"
"180","bmg2022qmjg","2022-08-23T10:52:11.442953Z","-8.173085213","107.1708298","3.462353436","M","10","34","229.0958862","Java, Indonesia","BMKG"
"181","bmg2022qmiq","2022-08-23T10:33:12.359869Z","-0.1989709437","132.314209","4.770812795","M","10","49","164.039093","Irian Jaya Region, Indonesia","BMKG"
"182","bmg2022qmip","2022-08-23T10:32:33.38861Z","-6.932188034","106.6725998","3.801155454","M","92","50","66.64161682","Java, Indonesia","BMKG"
"183","bmg2022qmgp","2022-08-23T09:32:00.736008Z","-9.450269699","115.8781815","4.053801795","M","25","54","190.9920959","South of Bali, Indonesia","BMKG"
"184","bmg2022qmem","2022-08-23T08:28:25.017972Z","2.227947235","127.0391464","3.669165067","M","13","17","103.1208954","Northern Molucca Sea","BMKG"
"185","bmg2022qmbe","2022-08-23T06:47:46.618266Z","3.442281246","96.89560699","2.99593306","M","66","22","112.1153259","Northern Sumatra, Indonesia","BMKG"
"186","bmg2022qlzk","2022-08-23T05:54:05.792435Z","1.418496251","98.96206665","2.755035197","M","10","8","204.7317352","Northern Sumatra, Indonesia","BMKG"
"187","bmg2022qltt","2022-08-23T03:02:23.0472Z","-7.898465633","106.9287186","3.729873866","M","18","38","221.718071","Java, Indonesia","BMKG"
"188","bmg2022qlmn","2022-08-22T23:23:57.832766Z","-9.667435646","116.2548904","4.285494371","M","10","51","199.9612198","Sumbawa Region, Indonesia","BMKG"
"189","bmg2022qlgd","2022-08-22T20:10:21.882814Z","0.8283150792","129.9208832","4.025663829","M","10","21","166.0312195","Halmahera, Indonesia","BMKG"
"190","bmg2022qkzx","2022-08-22T17:01:18.941145Z","-2.278911114","140.0629578","3.449262638","M","10","13","187.7552338","Near North Coast of Irian Jaya","BMKG"
"191","bmg2022qkyc","2022-08-22T16:06:53.016434Z","-2.940032005","130.2187958","3.703993665","M","10","34","53.53887939","Seram, Indonesia","BMKG"
"192","bmg2022qksz","2022-08-22T13:31:50.703709Z","-7.149024487","104.9085922","3.768758618","M","10","40","207.4423752","Southwest of Sumatra, Indonesia","BMKG"
"193","bmg2022qkrt","2022-08-22T12:53:53.36983Z","-1.199393511","127.5449905","3.869690438","M","10","34","59.24312973","Halmahera, Indonesia","BMKG"
"194","bmg2022qkqg","2022-08-22T12:08:44.83848Z","-1.865542054","120.895462","4.176599454","M","10","41","52.00486755","Sulawesi, Indonesia","BMKG"
"195","bmg2022qkqd","2022-08-22T12:05:00.216522Z","-2.674190521","121.1024323","2.387211014","M","11","12","160.5241547","Sulawesi, Indonesia","BMKG"
"196","bmg2022qkpt","2022-08-22T11:53:46.964478Z","-1.897926569","120.8620148","3.716627969","M","10","37","54.99502563","Sulawesi, Indonesia","BMKG"
"197","bmg2022qkoh","2022-08-22T11:09:36.728307Z","-0.5150206685","123.4271622","4.56705657","M","10","54","45.82731628","Minahassa Peninsula, Sulawesi","BMKG"
"198","bmg2022qkmt","2022-08-22T10:22:45.025163Z","2.500975847","128.1540985","4.12403633","M","139","24","171.2238846","Halmahera, Indonesia","BMKG"
"199","bmg2022qkkx","2022-08-22T09:26:54.379392Z","-1.183957458","100.2405853","4.508507275","M","43","69","95.77735901","Southern Sumatra, Indonesia","BMKG"
"200","bmg2022qkjg","2022-08-22T08:36:33.481308Z","-9.260581017","115.550209","5.740930601","Mw(mB)","127","397","76.97503662","South of Bali, Indonesia","BMKG"
"201","bmg2022qjwa","2022-08-22T01:55:20.3184Z","1.200158","126.3767776","3.343072548","M","11","14","143.4277077","Northern Molucca Sea","BMKG"
"202","bmg2022qjvm","2022-08-22T01:39:31.98605Z","2.648485184","128.1032715","4.415471898","M","131","27","174.1567078","Halmahera, Indonesia","BMKG"
"203","bmg2022qjvc","2022-08-22T01:27:49.444036Z","-3.368323565","128.3364563","2.493486213","M","10","8","154.5904999","Seram, Indonesia","BMKG"
"204","bmg2022qjiz","2022-08-21T19:20:03.381025Z","-8.934425354","117.4531097","3.502643425","M","10","55","151.815239","Sumbawa Region, Indonesia","BMKG"
"205","bmg2022qjep","2022-08-21T17:07:02.900817Z","1.87349689","98.80965424","3.096471793","M","100","24","103.6305571","Northern Sumatra, Indonesia","BMKG"
"206","bmg2022qilr","2022-08-21T07:34:00.483954Z","3.058398008","126.3677063","4.934020749","M","27","73","97.30456543","Talaud Islands, Indonesia","BMKG"
"207","bmg2022qihd","2022-08-21T05:15:57.629877Z","-4.742425919","129.446167","4.15997219","M","10","30","137.4862366","Banda Sea","BMKG"
"208","bmg2022qigx","2022-08-21T05:08:35.661524Z","-0.1916223913","125.2496948","5.408595147","Mw(mB)","54","238","32.75004387","Southern Molucca Sea","BMKG"
"209","bmg2022qidg","2022-08-21T03:18:27.380858Z","-9.363184929","118.7653427","4.262082092","M","21","60","162.7242432","Sumbawa Region, Indonesia","BMKG"
"210","bmg2022qhwu","2022-08-21T00:02:54.253767Z","2.318748713","124.4509659","4.199766497","M","287","30","160.8571701","Celebes Sea","BMKG"
"211","bmg2022qhwe","2022-08-20T23:44:01.420979Z","-9.729955673","119.2254944","3.844613394","M","35","44","172.1948395","Sumba Region, Indonesia","BMKG"
"212","bmg2022qhqs","2022-08-20T20:57:55.127394Z","1.768971324","99.06071472","3.457438618","M","10","39","77.64608765","Northern Sumatra, Indonesia","BMKG"
"213","bmg2022qhin","2022-08-20T16:49:43.390637Z","-7.882309437","117.4834061","4.103909025","M","267","69","106.4184494","Bali Sea","BMKG"
"214","bmg2022qhhl","2022-08-20T16:17:23.042696Z","-9.06098938","118.2572861","3.729925392","M","65","51","156.9034653","Sumbawa Region, Indonesia","BMKG"
"215","bmg2022qhaa","2022-08-20T12:32:24.013783Z","-2.636389971","128.57724","4.422849025","M","12","62","60.32703018","Ceram Sea","BMKG"
"216","bmg2022qgvo","2022-08-20T10:16:30.73471Z","-2.618042707","121.2319412","2.682847098","M","10","14","139.0027924","Sulawesi, Indonesia","BMKG"
"217","bmg2022qgrh","2022-08-20T08:07:59.233021Z","-0.2094002962","129.7152557","3.713274388","M","26","22","127.1294937","Halmahera, Indonesia","BMKG"
"218","bmg2022qgpn","2022-08-20T07:13:42.604573Z","-9.19252491","120.2028961","3.836935231","M","10","33","61.84676361","Sumba Region, Indonesia","BMKG"
"219","bmg2022qglh","2022-08-20T05:05:00.444181Z","-0.1839775592","122.987648","3.523480083","M","73","19","59.89246368","Minahassa Peninsula, Sulawesi","BMKG"
"220","bmg2022qgkk","2022-08-20T04:38:22.519702Z","-7.731824875","107.2709427","3.002679524","M","34","19","205.5495148","Java, Indonesia","BMKG"
"221","bmg2022qght","2022-08-20T03:18:37.84975Z","0.2030483335","123.6005173","3.080453282","M","81","13","123.1525574","Minahassa Peninsula, Sulawesi","BMKG"
"222","bmg2022qgft","2022-08-20T02:17:40.739113Z","2.071125984","129.2360992","4.412214224","M","11","65","67.29402924","Halmahera, Indonesia","BMKG"
"223","bmg2022qgfq","2022-08-20T02:14:41.466258Z","-9.174583435","120.197876","3.923210009","M","10","33","60.1036377","Sumba Region, Indonesia","BMKG"
"224","bmg2022qgdj","2022-08-20T01:05:43.035825Z","-3.561547279","131.452301","4.528945237","M","54","52","46.92518616","Irian Jaya Region, Indonesia","BMKG"
"225","bmg2022qgal","2022-08-19T23:36:48.138807Z","-4.136442661","102.9769897","3.392845882","M","80","37","76.23075867","Southern Sumatra, Indonesia","BMKG"
"226","bmg2022qfxl","2022-08-19T22:05:31.031708Z","4.415071011","125.8545837","4.588083569","M","139","37","239.2023468","Talaud Islands, Indonesia","BMKG"
"227","bmg2022qfpx","2022-08-19T18:17:32.242081Z","-8.957011223","119.3334656","4.826185415","M","89","130","94.35308838","Flores Region, Indonesia","BMKG"
"228","bmg2022qfkt","2022-08-19T15:40:34.923316Z","-0.8778582215","121.6813202","3.07400378","M","10","50","72.81168365","Minahassa Peninsula, Sulawesi","BMKG"
"229","bmg2022qevk","2022-08-19T07:55:21.662618Z","-2.795394182","118.5651169","3.701448837","M","16","19","232.3853607","Sulawesi, Indonesia","BMKG"
"230","bmg2022qeqj","2022-08-19T05:22:48.94886Z","-0.4734086394","123.2179642","3.934487686","M","40","27","70.1878624","Minahassa Peninsula, Sulawesi","BMKG"
"231","bmg2022qepu","2022-08-19T05:05:50.87209Z","-1.354275823","120.4935455","2.693929474","M","10","19","94.46972656","Sulawesi, Indonesia","BMKG"
"232","bmg2022qepk","2022-08-19T04:54:23.662676Z","2.388644695","128.118454","3.365036032","M","52","11","182.2067871","Halmahera, Indonesia","BMKG"
"235","bmg2022qeml","2022-08-19T03:24:08.374314Z","-9.641296387","117.1201477","3.880908048","M","27","41","220.6620407","Sumbawa Region, Indonesia","BMKG"
"236","bmg2022qekg","2022-08-19T02:17:33.729001Z","1.838272572","127.2260361","3.788558972","M","97","18","135.0546188","Halmahera, Indonesia","BMKG"
"237","bmg2022qdzj","2022-08-18T20:48:20.800668Z","-0.1074078158","124.3994446","4.0432577","M","12","40","84.46580505","Southern Molucca Sea","BMKG"
"238","bmg2022qdzf","2022-08-18T20:43:31.112072Z","-0.2337698191","122.8330002","2.814712524","M","34","16","121.2861252","Minahassa Peninsula, Sulawesi","BMKG"
"239","bmg2022qdyc","2022-08-18T20:09:34.161969Z","-0.2285252213","124.5920563","3.441215373","M","10","24","85.78901672","Southern Molucca Sea","BMKG"
"240","bmg2022qduq","2022-08-18T18:23:56.510359Z","-3.850076675","128.5139618","2.957158205","M","10","9","231.6341019","Seram, Indonesia","BMKG"
"241","bmg2022qdun","2022-08-18T18:20:39.689793Z","4.322004795","125.8749466","4.620659046","M","89","32","117.591507","Talaud Islands, Indonesia","BMKG"
"242","bmg2022qduc","2022-08-18T18:07:04.341587Z","-8.308088303","115.549614","3.029041891","M","10","23","141.1396255","Bali Region, Indonesia","BMKG"
"243","bmg2022qdub","2022-08-18T18:07:04.896209Z","-3.223267317","131.0283051","3.705141873","M","17","24","75.63278198","Irian Jaya Region, Indonesia","BMKG"
"244","bmg2022qdly","2022-08-18T14:00:35.115863Z","3.600914717","96.78304291","3.195869253","M","54","21","187.0539246","Northern Sumatra, Indonesia","BMKG"
"245","bmg2022qdjg","2022-08-18T12:39:38.327495Z","-0.1030531824","125.1142502","3.34206286","M","10","14","256.0223541","Southern Molucca Sea","BMKG"
"246","bmg2022qddv","2022-08-18T09:55:16.441698Z","5.801596642","127.1265106","4.64263689","M","10","16","212.7868805","Philippine Islands Region","BMKG"
"247","bmg2022qczp","2022-08-18T07:46:28.565455Z","0.4200257063","124.3729782","5.352561836","Mw(mB)","166","354","28.98530579","Minahassa Peninsula, Sulawesi","BMKG"
"248","bmg2022qcyi","2022-08-18T07:08:40.231112Z","-1.488256335","136.3577576","3.144467351","M","60","5","142.1682358","Irian Jaya Region, Indonesia","BMKG"
"249","bmg2022qcth","2022-08-18T04:35:44.365349Z","-6.612471581","129.0056152","4.546592239","M","191","30","114.9947968","Banda Sea","BMKG"
"250","bmg2022qcmh","2022-08-18T01:03:20.980383Z","-2.629389286","128.9093781","4.589307434","M","10","72","60.80615616","Ceram Sea","BMKG"
"251","bmg2022qcgw","2022-08-17T22:18:58.086006Z","2.881172895","97.52688599","3.243050267","M","10","42","67.33943176","Northern Sumatra, Indonesia","BMKG"
"252","bmg2022qcfj","2022-08-17T21:33:31.22928Z","-1.303954005","119.892868","3.517687683","M","10","39","67.30970764","Sulawesi, Indonesia","BMKG"
"253","bmg2022qcfi","2022-08-17T21:32:03.970515Z","-1.31493628","119.919281","3.146888789","M","10","31","74.19395447","Sulawesi, Indonesia","BMKG"
"254","bmg2022qbzj","2022-08-17T18:31:15.962642Z","0.1390331537","96.59928131","4.5663793","M","34","63","220.8849716","Off West Coast of Northern Sumatra","BMKG"
"255","bmg2022qbxn","2022-08-17T17:35:35.105978Z","-0.1376526207","122.8713913","2.908607005","M","111","21","78.76472473","Minahassa Peninsula, Sulawesi","BMKG"
"256","bmg2022qbvd","2022-08-17T16:23:04.855872Z","-0.2145279944","129.7600403","4.106447263","M","10","20","145.0098343","Halmahera, Indonesia","BMKG"
"257","bmg2022qbut","2022-08-17T16:11:30.084428Z","-0.2042207569","129.7568359","4.859184779","Mw(mB)","10","143","96.36711121","Halmahera, Indonesia","BMKG"
"258","bmg2022qbun","2022-08-17T16:04:19.199677Z","-0.2211258858","129.7455444","3.672715491","M","24","26","127.3348236","Halmahera, Indonesia","BMKG"
"259","bmg2022qbuf","2022-08-17T15:55:42.668887Z","-0.2350406945","129.7205505","4.502019345","M","18","38","126.3679276","Halmahera, Indonesia","BMKG"
"260","bmg2022qbtx","2022-08-17T15:45:44.790111Z","-8.321597099","118.0028229","2.971520382","M","10","25","175.6700668","Sumbawa Region, Indonesia","BMKG"
"261","bmg2022qbtf","2022-08-17T15:24:55.94854Z","-9.425652504","118.6449432","3.602735528","M","32","33","166.9907913","Sumbawa Region, Indonesia","BMKG"
"262","bmg2022qbpy","2022-08-17T13:46:11.792689Z","-2.575619936","128.5645752","3.865251502","M","10","21","86.70185471","Ceram Sea","BMKG"
"263","bmg2022qbpo","2022-08-17T13:34:04.753521Z","0.2393734008","121.8566208","4.439183442","M","199","84","24.3662262","Minahassa Peninsula, Sulawesi","BMKG"
"264","bmg2022qboi","2022-08-17T12:56:32.449614Z","-7.115232468","125.4333725","5.40564992","Mw(mB)","486","438","17.38911438","Banda Sea","BMKG"
"265","bmg2022qbmm","2022-08-17T12:01:14.660003Z","-1.595393658","139.1179962","4.192695912","M","10","19","209.0552292","Near North Coast of Irian Jaya","BMKG"
"266","bmg2022qblx","2022-08-17T11:43:18.787376Z","-1.572490454","139.1265564","4.151752702","M","10","16","203.6040955","Near North Coast of Irian Jaya","BMKG"
"267","bmg2022qbhb","2022-08-17T09:16:04.04513Z","-8.941658974","124.2663879","3.047516551","M","67","18","94.14356995","Timor Region","BMKG"
"268","bmg2022qbgo","2022-08-17T09:01:01.175786Z","-7.381743908","114.4333649","3.003854105","M","10","30","186.6833649","Bali Sea","BMKG"
"269","bmg2022qbck","2022-08-17T06:55:37.878722Z","0.4922728837","125.2390976","3.448279784","M","10","15","155.699379","Northern Molucca Sea","BMKG"
"270","bmg2022qazw","2022-08-17T05:38:19.846201Z","-4.957755089","102.9856415","4.650737272","M","34","93","119.3504868","Southern Sumatra, Indonesia","BMKG"
"271","bmg2022qawq","2022-08-17T04:00:19.154711Z","-0.2795816064","123.0376282","3.924838696","M","59","34","45.10985732","Minahassa Peninsula, Sulawesi","BMKG"
"272","bmg2022qatt","2022-08-17T02:33:08.11054Z","1.871461511","126.5143585","3.593711697","M","28","23","131.7764587","Northern Molucca Sea","BMKG"
"273","bmg2022qaqe","2022-08-17T00:44:48.585946Z","-4.17454052","127.5821991","4.577212652","M","244","72","49.31483459","Banda Sea","BMKG"
"274","bmg2022qamv","2022-08-16T23:02:55.703328Z","-7.631996155","122.2784805","3.916064484","M","66","46","74.76384544","Flores Sea","BMKG"
"275","bmg2022qals","2022-08-16T22:29:40.491795Z","-0.03961360827","124.3799667","4.088502102","M","33","47","63.13853455","Southern Molucca Sea","BMKG"
"276","bmg2022qalf","2022-08-16T22:13:46.094961Z","-2.68796134","129.6706696","3.296161194","M","10","18","88.08128738","Seram, Indonesia","BMKG"
"277","bmg2022qafq","2022-08-16T19:25:34.387252Z","-9.20168972","124.5265045","4.190869942","M","10","33","59.72275543","Timor Region","BMKG"
"278","bmg2022qafe","2022-08-16T19:11:12.70051Z","-9.747605324","119.5573349","3.68655698","M","46","47","167.8689957","Sumba Region, Indonesia","BMKG"
"279","bmg2022qadh","2022-08-16T18:14:11.492461Z","-8.334095001","127.8491058","4.581740318","M","85","80","98.21528625","Timor Region","BMKG"
"280","bmg2022qabb","2022-08-16T17:05:58.06112Z","1.82466042","99.09793091","3.295097709","M","123","53","109.1361542","Northern Sumatra, Indonesia","BMKG"
"281","bmg2022qaaa","2022-08-16T16:35:31.597094Z","1.806130648","126.4478989","3.944377188","M","14","33","103.0390301","Northern Molucca Sea","BMKG"
"282","bmg2022pzym","2022-08-16T15:47:48.902548Z","-1.869660258","120.4622192","3.179283046","M","12","42","76.35296631","Sulawesi, Indonesia","BMKG"
"283","bmg2022pzvo","2022-08-16T14:20:12.979556Z","-9.518669128","117.1288452","3.306057553","M","29","39","195.9624252","Sumbawa Region, Indonesia","BMKG"
"284","bmg2022pzso","2022-08-16T12:49:07.719509Z","-8.103282928","107.9034348","3.930646528","M","29","66","131.1486206","Java, Indonesia","BMKG"
"285","bmg2022pzsa","2022-08-16T12:32:09.993375Z","-1.645355701","120.4287796","2.428529869","M","10","14","76.37964249","Sulawesi, Indonesia","BMKG"
"286","bmg2022pzru","2022-08-16T12:25:21.202306Z","-7.733145714","107.492569","3.463407986","M","56","40","199.3881454","Java, Indonesia","BMKG"
"287","bmg2022pzmx","2022-08-16T09:57:35.118428Z","1.796973228","99.10765076","3.084755805","M","10","22","126.981926","Northern Sumatra, Indonesia","BMKG"
"288","bmg2022pzhd","2022-08-16T07:02:30.949492Z","2.739515066","95.63587952","4.701631503","M","38","52","213.7929535","Off West Coast of Northern Sumatra","BMKG"
"289","bmg2022pyye","2022-08-16T02:30:28.198892Z","-8.638436317","118.3366699","2.738917069","M","83","30","111.2853546","Sumbawa Region, Indonesia","BMKG"
"290","bmg2022pypa","2022-08-15T21:53:39.047822Z","-0.1915601194","123.5500031","3.95153937","M","69","52","63.21253395","Minahassa Peninsula, Sulawesi","BMKG"
"291","bmg2022pyiv","2022-08-15T18:45:16.354311Z","0.6600157619","124.9646072","3.406432034","M","80","31","72.77590942","Minahassa Peninsula, Sulawesi","BMKG"
"292","bmg2022pyiq","2022-08-15T18:40:06.203044Z","-3.075712442","101.2114716","3.204641471","M","22","27","175.4620972","Southern Sumatra, Indonesia","BMKG"
"293","bmg2022pyho","2022-08-15T18:06:43.332625Z","1.815831304","126.5074921","3.847831509","M","10","32","101.1519742","Northern Molucca Sea","BMKG"
"294","bmg2022pyhg","2022-08-15T17:57:42.015758Z","0.959769249","126.5848999","3.704300786","M","27","38","76.17647088","Northern Molucca Sea","BMKG"
"295","bmg2022pygm","2022-08-15T17:34:13.107718Z","-2.083091497","102.379158","3.535620788","M","203","48","88.98976135","Southern Sumatra, Indonesia","BMKG"
"296","bmg2022pyen","2022-08-15T16:35:12.110676Z","0.04730862379","96.52133942","5.319812843","M","10","178","151.9523773","Off West Coast of Northern Sumatra","BMKG"
"297","bmg2022pydb","2022-08-15T15:51:16.097865Z","0.2608066201","98.34996796","4.057675446","M","10","58","155.2998352","Northern Sumatra, Indonesia","BMKG"
"298","bmg2022pybq","2022-08-15T15:07:28.386658Z","1.83357513","126.4841232","4.7518815","M","44","150","73.63218355","Northern Molucca Sea","BMKG"
"299","bmg2022pxvo","2022-08-15T12:02:56.206429Z","0.2055897862","100.0013428","3.990339595","M","10","29","47.2966156","Northern Sumatra, Indonesia","BMKG"
"300","bmg2022pxvk","2022-08-15T11:58:29.816318Z","-8.301739693","118.5273819","2.774548061","M","13","25","163.57621","Sumbawa Region, Indonesia","BMKG"
"301","bmg2022pxtu","2022-08-15T11:10:06.041022Z","-5.797050953","110.3608398","4.827538871","Mw(mB)","551","443","9.498153687","Java Sea","BMKG"
"302","bmg2022pxtk","2022-08-15T10:58:29.247458Z","-2.658573389","122.2855759","3.499332784","M","10","37","155.7237692","Sulawesi, Indonesia","BMKG"
"303","bmg2022pxsf","2022-08-15T10:21:39.253164Z","-4.050794601","122.6866913","3.507432274","M","10","36","163.8964996","Sulawesi, Indonesia","BMKG"
"304","bmg2022pxsd","2022-08-15T10:18:20.359591Z","-8.352595329","117.2115707","2.894638801","M","15","31","150.3782501","Sumbawa Region, Indonesia","BMKG"
"305","bmg2022pxsc","2022-08-15T10:18:10.673575Z","-4.029119015","122.6838226","2.860513564","M","10","8","187.9866638","Sulawesi, Indonesia","BMKG"
"306","bmg2022pxpk","2022-08-15T08:56:29.134327Z","-7.599173069","105.9695969","3.43966876","M","14","26","229.194252","Java, Indonesia","BMKG"
"307","bmg2022pxgt","2022-08-15T04:34:49.740061Z","2.539343119","128.1880951","5.150895113","Mw(mB)","143","293","114.8102883","Halmahera, Indonesia","BMKG"
"308","bmg2022pxdg","2022-08-15T02:48:14.079934Z","-0.04207392037","123.2789078","4.53711983","M","145","65","57.39260483","Minahassa Peninsula, Sulawesi","BMKG"
"309","bmg2022pxbs","2022-08-15T02:01:38.415956Z","-3.369489193","100.7103729","5.009020035","M","43","174","177.4378662","Southern Sumatra, Indonesia","BMKG"
"310","bmg2022pxam","2022-08-15T01:25:05.70394Z","-1.29744029","121.4443054","3.27207249","M","10","30","79.70742798","Sulawesi, Indonesia","BMKG"
"311","bmg2022pxah","2022-08-15T01:18:10.265165Z","2.940290928","126.632309","3.818106294","M","27","15","112.1143422","Northern Molucca Sea","BMKG"
"312","bmg2022pwzy","2022-08-15T01:07:40.756305Z","-3.25333643","128.3765717","2.579064516","M","10","11","130.7891159","Seram, Indonesia","BMKG"
"313","bmg2022pwyv","2022-08-15T00:34:21.104523Z","-8.2936306","122.0922699","3.766325418","M","190","27","81.9320364","Flores Region, Indonesia","BMKG"
"314","bmg2022pwyf","2022-08-15T00:16:10.480958Z","1.902648211","128.9205933","3.706142897","M","15","13","191.7893524","Halmahera, Indonesia","BMKG"
"315","bmg2022pwpy","2022-08-14T20:04:59.509637Z","0.5350331068","121.5439606","3.935024866","M","89","54","71.12854385","Minahassa Peninsula, Sulawesi","BMKG"
"316","bmg2022pwlb","2022-08-14T17:37:27.500931Z","2.364290237","127.8637161","3.666697863","M","11","20","147.9449158","Northern Molucca Sea","BMKG"
"317","bmg2022pwkt","2022-08-14T17:27:11.589122Z","3.452236176","125.9136963","3.827236528","M","135","17","189.1945267","Talaud Islands, Indonesia","BMKG"
"318","bmg2022pwjv","2022-08-14T16:59:47.836457Z","-7.271355629","125.1470413","3.967725737","M","498","35","149.1046333","Banda Sea","BMKG"
"319","bmg2022pwjt","2022-08-14T16:56:57.062485Z","0.3410727978","122.230545","3.306736971","M","102","24","102.5953369","Minahassa Peninsula, Sulawesi","BMKG"
"320","bmg2022pwji","2022-08-14T16:44:13.513866Z","1.722567439","127.131691","4.13324081","M","106","44","79.01158142","Halmahera, Indonesia","BMKG"
"321","bmg2022pwiv","2022-08-14T16:29:36.952303Z","1.532026768","125.0822601","3.664266166","M","127","31","110.5741568","Northern Molucca Sea","BMKG"
"322","bmg2022pwcb","2022-08-14T13:04:38.093877Z","4.558115482","126.5843735","4.702191472","Mw(mB)","78","180","132.0429001","Talaud Islands, Indonesia","BMKG"
"323","bmg2022pvzh","2022-08-14T11:40:06.201834Z","-2.598599195","121.5586548","2.918306146","M","10","24","70.24131775","Sulawesi, Indonesia","BMKG"
"324","bmg2022pvrt","2022-08-14T07:51:08.69275Z","-2.982194901","129.572113","3.442159846","M","10","15","132.9584618","Seram, Indonesia","BMKG"
"325","bmg2022pvis","2022-08-14T03:17:53.474238Z","1.840935349","126.4465408","4.010302581","M","10","21","73.07510328","Northern Molucca Sea","BMKG"
"326","bmg2022pvii","2022-08-14T03:05:45.259451Z","1.855543733","126.4965668","3.323861071","M","10","20","91.24967957","Northern Molucca Sea","BMKG"
"327","bmg2022pvhs","2022-08-14T02:47:49.542974Z","1.917970181","126.407547","5.821654043","Mw(mB)","58","456","24.84866714","Northern Molucca Sea","BMKG"
"328","bmg2022pvfs","2022-08-14T01:46:10.48467Z","-8.490097046","108.6825256","4.103635234","M","47","79","152.9636917","Java, Indonesia","BMKG"
"329","bmg2022pvaj","2022-08-13T23:04:53.718578Z","-0.003249341855","123.4523544","3.752660296","M","132","38","71.41130829","Minahassa Peninsula, Sulawesi","BMKG"
"330","bmg2022puxh","2022-08-13T21:31:35.056238Z","-0.6608664393","126.7798615","3.312771421","M","11","24","77.85599518","Southern Molucca Sea","BMKG"
"331","bmg2022pupw","2022-08-13T17:46:51.909169Z","-7.598366737","105.964653","3.257262539","M","21","41","235.4480057","Java, Indonesia","BMKG"
"332","bmg2022puoo","2022-08-13T17:07:04.578359Z","-8.975849152","110.8993454","3.02462398","M","10","23","248.23526","Java, Indonesia","BMKG"
"333","bmg2022puom","2022-08-13T17:03:52.722636Z","-2.56657505","139.0656891","3.39330716","M","13","20","119.6590652","Near North Coast of Irian Jaya","BMKG"
"334","bmg2022pule","2022-08-13T15:24:31.743772Z","-8.033010483","107.8761597","3.712587466","M","24","72","204.3328018","Java, Indonesia","BMKG"
"335","bmg2022pudn","2022-08-13T11:32:34.326362Z","-7.772211075","115.5852585","3.00642802","M","350","31","228.6762466","Bali Sea","BMKG"
"336","bmg2022ptru","2022-08-13T05:36:24.129326Z","-4.318221092","102.0294113","3.344106363","M","29","23","173.5588684","Southern Sumatra, Indonesia","BMKG"
"337","bmg2022ptqn","2022-08-13T04:57:54.431551Z","1.470018864","127.1512604","3.587689575","M","144","24","83.16011047","Halmahera, Indonesia","BMKG"
"338","bmg2022ptjx","2022-08-13T01:37:23.6181Z","-1.379019976","119.4491043","4.120497485","M","10","49","150.5198212","Sulawesi, Indonesia","BMKG"
"339","bmg2022ptis","2022-08-13T01:00:55.51678Z","-1.748646498","135.7786407","4.202594442","M","10","24","161.3174744","Irian Jaya Region, Indonesia","BMKG"
"340","bmg2022ptcr","2022-08-12T21:58:23.986819Z","0.2030545622","99.99054718","3.554087369","M","10","39","46.4849968","Northern Sumatra, Indonesia","BMKG"
"341","bmg2022psrk","2022-08-12T16:16:58.453262Z","-7.820887566","105.8951187","3.628984903","M","10","30","147.2814789","Java, Indonesia","BMKG"
"342","bmg2022psqj","2022-08-12T15:45:02.194172Z","-0.1283755153","126.55793","4.041522986","M","12","44","46.61741638","Southern Molucca Sea","BMKG"
"343","bmg2022psmc","2022-08-12T13:36:13.995821Z","1.887216806","127.8113708","2.763515916","M","10","11","127.0136223","Halmahera, Indonesia","BMKG"
"344","bmg2022pskr","2022-08-12T12:52:51.49644Z","2.82961154","99.02887726","3.572425414","M","156","23","189.0626221","Northern Sumatra, Indonesia","BMKG"
"345","bmg2022psic","2022-08-12T11:34:52.259304Z","-9.126962662","111.2518311","3.573638709","M","10","16","260.4253578","South of Java, Indonesia","BMKG"
"346","bmg2022psfd","2022-08-12T10:05:14.875142Z","0.52037853","124.818367","3.723228869","M","26","9","217.7725916","Minahassa Peninsula, Sulawesi","BMKG"
"347","bmg2022psej","2022-08-12T09:41:19.35096Z","-1.315335751","120.4012299","2.484497429","M","10","11","99.65245056","Sulawesi, Indonesia","BMKG"
"348","bmg2022prys","2022-08-12T06:49:48.794966Z","2.11197567","127.7627716","2.559887882","M","89","8","155.7549133","Northern Molucca Sea","BMKG"
"349","bmg2022prym","2022-08-12T06:43:14.721558Z","-7.943563461","120.9288406","3.846416273","MLv","84","37","72.64865494","Flores Sea","BMKG"
"350","bmg2022pryj","2022-08-12T06:39:30.265585Z","-10.63944244","123.5007019","3.363715667","M","10","9","257.6617355","Timor Region","BMKG"
"351","bmg2022prww","2022-08-12T05:53:38.285681Z","-1.342813373","99.91057587","2.733853331","MLv","47","7","166.4207516","Southern Sumatra, Indonesia","BMKG"
"352","bmg2022prwi","2022-08-12T05:37:29.201327Z","-3.597110033","119.7548294","2.352857975","MLv","21","11","109.6001625","Sulawesi, Indonesia","BMKG"
"353","bmg2022prvx","2022-08-12T05:25:01.431816Z","-3.749565601","119.5418701","3.626457973","MLv","11","27","92.43768311","Sulawesi, Indonesia","BMKG"
"354","bmg2022prve","2022-08-12T05:02:53.367973Z","-7.9315238","117.7503891","2.362630735","MLv","10","11","236.3133163","Bali Sea","BMKG"
"355","bmg2022prue","2022-08-12T04:32:57.496194Z","-9.527152061","115.2763672","3.114844489","MLv","33","22","257.1732101","South of Bali, Indonesia","BMKG"
"356","bmg2022prtf","2022-08-12T04:03:18.616146Z","-6.682089329","127.9253006","4.670622979","M","366","38","72.21847534","Banda Sea","BMKG"
"357","bmg2022prro","2022-08-12T03:13:01.195551Z","-1.884391308","137.4664917","4.68807165","M","10","33","160.6651688","Near North Coast of Irian Jaya","BMKG"
"358","bmg2022prmd","2022-08-12T00:28:30.563519Z","0.6294690371","121.6856232","3.696224192","M","60","46","87.71427536","Minahassa Peninsula, Sulawesi","BMKG"
"359","bmg2022priv","2022-08-11T22:48:10.561324Z","-1.393618345","120.4738464","3.036681859","M","10","41","61.78222656","Sulawesi, Indonesia","BMKG"
"360","bmg2022prgp","2022-08-11T21:40:56.91208Z","1.726421475","126.4239197","4.284878943","M","10","42","69.58280182","Northern Molucca Sea","BMKG"
"361","bmg2022prft","2022-08-11T21:15:05.664571Z","-6.999193192","129.6240845","4.346593071","M","153","32","121.7310562","Banda Sea","BMKG"
"362","bmg2022prfl","2022-08-11T21:06:12.541877Z","-7.973666191","123.1063843","4.09133622","M","219","49","90.26124287","Banda Sea","BMKG"
"363","bmg2022prea","2022-08-11T20:22:59.009875Z","-4.441466808","102.6155701","3.296882631","M","40","29","124.7751007","Southern Sumatra, Indonesia","BMKG"
"364","bmg2022pqyu","2022-08-11T17:43:53.862385Z","5.351350784","126.256485","4.581622332","M","138","79","126.9319901","Mindanao, Philippines","BMKG"
"365","bmg2022pqvk","2022-08-11T16:02:04.001162Z","-2.928774595","122.1036987","3.183707052","M","10","26","133.665411","Sulawesi, Indonesia","BMKG"
"366","bmg2022pqre","2022-08-11T13:53:51.223155Z","1.792580247","126.5172501","3.559059101","M","10","23","73.10228348","Northern Molucca Sea","BMKG"
"367","bmg2022pqnx","2022-08-11T12:14:01.699523Z","4.454259872","126.7079239","4.363511619","M","50","38","191.7879333","Talaud Islands, Indonesia","BMKG"
"368","bmg2022pqjy","2022-08-11T10:14:41.040171Z","-8.789581299","118.9268951","3.424266797","M","116","17","112.3260956","Sumbawa Region, Indonesia","BMKG"
"369","bmg2022pqaf","2022-08-11T05:19:19.175595Z","-3.515012264","101.8087387","4.263298032","M","39","44","137.2898865","Southern Sumatra, Indonesia","BMKG"
"370","bmg2022ppuq","2022-08-11T02:29:59.952229Z","-7.444674015","120.2931747","4.159841255","M","587","55","62.50622559","Flores Sea","BMKG"
"371","bmg2022ppsl","2022-08-11T01:24:08.187969Z","-8.762359619","117.8755875","2.799877585","M","10","19","130.8961487","Sumbawa Region, Indonesia","BMKG"
"372","bmg2022pppa","2022-08-10T23:40:03.76878Z","-8.036718369","117.8200226","2.771059081","M","28","24","214.6655273","Sumbawa Region, Indonesia","BMKG"
"373","bmg2022ppiv","2022-08-10T20:32:23.943527Z","-2.56803441","129.3516235","3.545948048","M","10","32","75.57698822","Seram, Indonesia","BMKG"
"374","bmg2022ppfc","2022-08-10T18:39:21.256259Z","0.3358239532","124.8214798","3.357964661","M","67","23","75.99029541","Minahassa Peninsula, Sulawesi","BMKG"
"375","bmg2022ppep","2022-08-10T18:23:41.416397Z","-2.631316662","121.8131104","2.310302761","M","10","10","123.5366249","Sulawesi, Indonesia","BMKG"
"376","bmg2022ppen","2022-08-10T18:21:49.772984Z","-2.335693121","120.931778","2.245521326","M","10","13","221.717598","Sulawesi, Indonesia","BMKG"
"377","bmg2022ppej","2022-08-10T18:17:31.086087Z","-8.338014603","116.9346848","2.768341372","M","12","31","153.8424377","Sumbawa Region, Indonesia","BMKG"
"378","bmg2022ppdd","2022-08-10T17:39:37.236645Z","-10.16052723","116.5279617","3.865643672","M","10","57","210.189415","South of Sumbawa, Indonesia","BMKG"
"379","bmg2022poqb","2022-08-10T11:03:29.82802Z","-9.138016701","123.8791199","4.954680333","M","92","158","35.15510559","Timor Region","BMKG"
"380","bmg2022poof","2022-08-10T10:07:48.210073Z","-2.586224556","138.4347229","4.46199845","M","16","18","83.8591423","Irian Jaya, Indonesia","BMKG"
"381","bmg2022pomj","2022-08-10T09:11:13.974694Z","-3.204752207","128.1848907","4.444422265","M","10","37","57.57046509","Seram, Indonesia","BMKG"
"382","bmg2022pohn","2022-08-10T06:44:31.762973Z","-2.926134109","122.3127518","3.391364946","M","10","13","210.668396","Sulawesi, Indonesia","BMKG"
"383","bmg2022pocz","2022-08-10T04:27:14.725912Z","-9.211796761","117.9361877","2.847905951","M","46","32","203.2088928","Sumbawa Region, Indonesia","BMKG"
"384","bmg2022pocv","2022-08-10T04:21:56.629553Z","-9.367450714","112.8435898","3.847911852","M","10","44","217.7146606","South of Java, Indonesia","BMKG"
"385","bmg2022poce","2022-08-10T04:01:51.54513Z","0.9068614841","125.4313278","4.573096073","M","20","73","69.79621506","Northern Molucca Sea","BMKG"
"386","bmg2022pnxq","2022-08-10T01:44:32.261737Z","-9.678712845","118.9310455","3.366373856","M","13","26","201.9018478","Sumbawa Region, Indonesia","BMKG"
"387","bmg2022pnri","2022-08-09T22:33:20.00348Z","1.464756131","98.93888855","2.787390678","M","93","31","123.1538239","Northern Sumatra, Indonesia","BMKG"
"388","bmg2022pnpv","2022-08-09T21:47:40.051476Z","-6.59920454","103.7199326","4.15647003","M","13","29","205.9054337","Southwest of Sumatra, Indonesia","BMKG"
"389","bmg2022pnnv","2022-08-09T20:47:47.259524Z","1.123459339","99.98236847","3.534006107","M","200","45","178.8082123","Northern Sumatra, Indonesia","BMKG"
"390","bmg2022pnlb","2022-08-09T19:23:13.210813Z","0.9024223089","125.8980408","3.114550977","M","10","17","133.0641251","Northern Molucca Sea","BMKG"
"391","bmg2022pngd","2022-08-09T16:54:27.731948Z","-0.361605674","100.3254852","2.587237246","M","10","20","112.5917053","Southern Sumatra, Indonesia","BMKG"
"392","bmg2022pnfh","2022-08-09T16:28:57.34802Z","-10.24167252","116.4874573","4.469538304","M","13","78","209.6825104","South of Sumbawa, Indonesia","BMKG"
"393","bmg2022pnbr","2022-08-09T14:39:18.322826Z","-4.035609722","122.6028519","3.528061754","M","10","17","131.3278151","Sulawesi, Indonesia","BMKG"
"394","bmg2022pmzo","2022-08-09T13:34:30.939189Z","-2.098511457","120.4551163","2.673034529","M","10","24","96.53746033","Sulawesi, Indonesia","BMKG"
"395","bmg2022pmyo","2022-08-09T13:04:42.216261Z","-8.33864975","117.1395798","4.972621203","M","10","85","32.27230835","Sumbawa Region, Indonesia","BMKG"
"396","bmg2022pmyk","2022-08-09T12:59:42.449289Z","-6.893015862","129.9936676","5.742581948","Mw(mB)","167","444","17.08171082","Banda Sea","BMKG"
"397","bmg2022pmyf","2022-08-09T12:53:55.501854Z","-8.3027668","116.0016937","3.396942157","M","10","47","154.3272018","Sumbawa Region, Indonesia","BMKG"
"398","bmg2022pmyd","2022-08-09T12:52:16.72751Z","-10.24528217","120.2227325","3.050756293","M","23","14","214.3338394","Sumba Region, Indonesia","BMKG"
"399","bmg2022pmvm","2022-08-09T11:31:24.352614Z","-10.99687862","118.5831985","4.015904398","M","10","42","226.1382599","South of Sumbawa, Indonesia","BMKG"
"400","bmg2022pmrr","2022-08-09T09:35:46.836698Z","-7.071731091","106.5406952","3.429474364","M","117","48","105.9470673","Java, Indonesia","BMKG"
"401","bmg2022pmqd","2022-08-09T08:48:55.44621Z","-7.877770901","118.9019241","3.317869819","M","32","22","123.8151016","Flores Sea","BMKG"
"402","bmg2022pmpl","2022-08-09T08:28:47.223252Z","1.980361581","127.8302536","3.986642652","M","10","10","159.3393707","Halmahera, Indonesia","BMKG"
"403","bmg2022pmna","2022-08-09T07:14:34.669499Z","-0.4782292247","120.2853851","3.072668892","M","17","29","80.54546738","Minahassa Peninsula, Sulawesi","BMKG"
"404","bmg2022pmlt","2022-08-09T06:36:09.252264Z","-8.363851547","117.1593933","4.687106612","M","12","158","30.03047562","Sumbawa Region, Indonesia","BMKG"
"405","bmg2022pmke","2022-08-09T05:48:10.119615Z","4.861295223","95.19231415","3.169121666","M","34","23","237.9859886","Northern Sumatra, Indonesia","BMKG"
"406","bmg2022pmip","2022-08-09T05:00:43.766698Z","-2.623435497","121.2452087","2.75844592","M","10","21","94.62342834","Sulawesi, Indonesia","BMKG"
"407","bmg2022pmhy","2022-08-09T04:41:13.038764Z","-1.835011482","100.3608932","4.630939843","M","28","100","102.576889","Southern Sumatra, Indonesia","BMKG"
"408","bmg2022plxf","2022-08-08T23:15:10.258779Z","-6.236168385","104.4415436","5.047911352","M","42","223","72.57278442","Sunda Strait, Indonesia","BMKG"
"409","bmg2022plww","2022-08-08T23:05:37.238355Z","0.496049732","98.5708847","3.179780536","M","10","25","162.4174042","Northern Sumatra, Indonesia","BMKG"
"410","bmg2022plwk","2022-08-08T22:50:47.549094Z","0.3827375472","98.39754486","3.274330714","M","10","27","175.2708664","Northern Sumatra, Indonesia","BMKG"
"411","bmg2022plqu","2022-08-08T20:00:46.239367Z","-0.7215963006","99.77523041","4.446641001","M","47","86","117.2817078","Southern Sumatra, Indonesia","BMKG"
"412","bmg2022plot","2022-08-08T18:59:14.982027Z","1.112004757","125.3018265","4.179107961","M","78","56","79.85055161","Northern Molucca Sea","BMKG"
"413","bmg2022plmj","2022-08-08T17:46:23.611922Z","-8.717277527","111.1369019","3.708178377","M","35","49","203.500618","Java, Indonesia","BMKG"
"414","bmg2022plmh","2022-08-08T17:43:55.92873Z","1.603472352","127.1356735","2.61557418","M","111","8","112.4774475","Halmahera, Indonesia","BMKG"
"415","bmg2022plgt","2022-08-08T14:57:08.788501Z","0.144179672","99.97499847","2.81773892","M","10","18","91.40023804","Northern Sumatra, Indonesia","BMKG"
"416","bmg2022plaf","2022-08-08T11:38:36.165455Z","-0.6981726289","131.5019531","3.887628171","M","10","16","159.0634613","Irian Jaya Region, Indonesia","BMKG"
"417","bmg2022pkzb","2022-08-08T11:03:13.323276Z","1.533589721","127.1180344","3.418779102","M","118","16","70.5941925","Halmahera, Indonesia","BMKG"
"418","bmg2022pkxp","2022-08-08T10:18:43.266278Z","-6.303114891","130.2839661","4.747686482","M","149","42","63.96595764","Banda Sea","BMKG"
"419","bmg2022pkwc","2022-08-08T09:33:24.889192Z","-9.512399673","117.1511612","3.334440764","M","25","25","227.1838417","Sumbawa Region, Indonesia","BMKG"
"420","bmg2022pkuz","2022-08-08T09:00:15.083813Z","1.893038988","127.259758","3.671005398","M","26","20","89.01836395","Halmahera, Indonesia","BMKG"
"421","bmg2022pkuk","2022-08-08T08:42:05.550967Z","-3.056485653","139.8177948","2.426372746","M","90","10","123.8661804","Irian Jaya, Indonesia","BMKG"
"422","bmg2022pkrb","2022-08-08T07:01:01.473999Z","-8.967695236","111.2666931","4.150959067","M","10","54","210.0359573","Java, Indonesia","BMKG"
"423","bmg2022pkqi","2022-08-08T06:38:55.621823Z","0.6195589304","119.5013046","3.685127462","M","10","24","244.1822739","Minahassa Peninsula, Sulawesi","BMKG"
"424","bmg2022pknf","2022-08-08T05:04:10.022882Z","-5.804216385","130.8358917","4.040413853","M","124","18","147.2782745","Banda Sea","BMKG"
"425","bmg2022pkmc","2022-08-08T04:30:04.106174Z","-4.018535137","122.8043213","2.984934105","M","10","10","188.3860474","Sulawesi, Indonesia","BMKG"
"426","bmg2022pklk","2022-08-08T04:09:00.813462Z","-1.399974465","97.93315887","3.476859131","MLv","10","10","266.8219376","Southwest of Sumatra, Indonesia","BMKG"
"427","bmg2022pkjx","2022-08-08T03:24:14.884849Z","-9.312599182","116.9104156","3.314960393","M","58","36","214.1434479","Sumbawa Region, Indonesia","BMKG"
"428","bmg2022pkhh","2022-08-08T02:04:36.110333Z","-0.7517191768","121.7247086","3.207933314","M","10","23","84.14121246","Minahassa Peninsula, Sulawesi","BMKG"
"429","bmg2022pkfq","2022-08-08T01:15:09.863902Z","1.811380386","127.2915497","3.584438253","M","44","15","170.8638535","Halmahera, Indonesia","BMKG"
"430","bmg2022pkbb","2022-08-07T22:55:39.514486Z","-8.706167221","118.5431824","2.439609357","M","97","25","106.5996399","Sumbawa Region, Indonesia","BMKG"
"431","bmg2022pkap","2022-08-07T22:41:59.521661Z","-5.588226795","103.6887589","4.208240471","M","28","48","157.6477509","Southern Sumatra, Indonesia","BMKG"
"432","bmg2022pjyn","2022-08-07T21:39:29.879713Z","4.516057014","96.48991394","3.809099584","M","10","32","79.49060059","Northern Sumatra, Indonesia","BMKG"
"433","bmg2022pjwn","2022-08-07T20:38:20.001914Z","-7.563250065","106.6119308","2.906207099","M","41","25","218.8378372","Java, Indonesia","BMKG"
"434","bmg2022pjve","2022-08-07T19:57:54.238183Z","-2.785492659","122.2975616","4.095947114","M","10","57","86.96422577","Sulawesi, Indonesia","BMKG"
"435","bmg2022pjue","2022-08-07T19:26:56.711533Z","1.474442959","127.0716019","2.995986283","M","109","27","68.18681335","Halmahera, Indonesia","BMKG"
"436","bmg2022pjqa","2022-08-07T17:21:19.646456Z","-1.279837847","120.5035858","3.092671507","M","10","25","62.30266571","Sulawesi, Indonesia","BMKG"
"437","bmg2022pjgy","2022-08-07T12:46:31.237766Z","-2.593737841","128.5437317","3.994376266","M","12","32","64.29001617","Ceram Sea","BMKG"
"438","bmg2022pjfs","2022-08-07T12:09:10.842784Z","0.410300076","98.58157349","3.278096531","M","11","32","137.6906891","Northern Sumatra, Indonesia","BMKG"
"439","bmg2022pjfn","2022-08-07T12:02:50.245921Z","2.136703491","97.84584045","2.657751308","M","33","21","131.0647125","Northern Sumatra, Indonesia","BMKG"
"440","bmg2022pjed","2022-08-07T11:21:24.290645Z","-3.264492512","128.3199768","3.079304624","M","10","16","123.1590576","Seram, Indonesia","BMKG"
"441","bmg2022pjdx","2022-08-07T11:13:30.484647Z","2.652539492","127.6898422","4.08558087","M","121","38","164.6937485","Northern Molucca Sea","BMKG"
"442","bmg2022pjay","2022-08-07T09:44:23.11528Z","-0.5978193283","123.2484207","3.672527037","M","11","31","71.95659637","Minahassa Peninsula, Sulawesi","BMKG"
"443","bmg2022pinp","2022-08-07T02:59:13.349695Z","-7.988363266","107.0546494","3.799575399","M","10","52","115.6052322","Java, Indonesia","BMKG"
"444","bmg2022pimo","2022-08-07T02:28:24.791401Z","-4.46684885","102.0172348","5.016857589","Mw(mB)","54","269","101.0357361","Southern Sumatra, Indonesia","BMKG"
"445","bmg2022pilb","2022-08-07T01:42:43.032286Z","-3.040747404","127.4766006","3.451338961","M","10","22","89.00593567","Seram, Indonesia","BMKG"
"446","bmg2022piik","2022-08-07T00:22:10.415349Z","0.3428844213","121.8010025","2.927497576","M","200","19","82.09547424","Minahassa Peninsula, Sulawesi","BMKG"
"447","bmg2022pibq","2022-08-06T20:56:55.08264Z","-9.82918644","118.7804947","3.413423445","M","15","52","182.8551865","Sumbawa Region, Indonesia","BMKG"
"448","bmg2022phyp","2022-08-06T19:24:16.62081Z","-1.301976323","120.7519455","2.696283108","M","10","35","61.60825348","Sulawesi, Indonesia","BMKG"
"449","bmg2022phyo","2022-08-06T19:23:47.412235Z","0.9354029894","126.5247269","3.374156153","M","27","34","52.12817383","Northern Molucca Sea","BMKG"
"450","bmg2022phxw","2022-08-06T19:02:21.083757Z","0.135815993","122.7991791","3.15472118","M","104","38","77.42784119","Minahassa Peninsula, Sulawesi","BMKG"
"451","bmg2022phvr","2022-08-06T17:56:00.864898Z","-1.72236681","133.6727448","3.190212965","M","10","20","118.55159","Irian Jaya Region, Indonesia","BMKG"
"452","bmg2022phuu","2022-08-06T17:29:32.478895Z","-6.509377003","130.1196594","4.138980034","M","159","29","189.255249","Banda Sea","BMKG"
"453","bmg2022phue","2022-08-06T17:10:23.43691Z","-6.995598793","105.9020615","2.827983792","M","42","35","200.0326233","Sunda Strait, Indonesia","BMKG"
"454","bmg2022phom","2022-08-06T14:17:59.646421Z","-2.59286356","121.2468719","2.97564386","M","10","29","42.68453979","Sulawesi, Indonesia","BMKG"
"455","bmg2022phkx","2022-08-06T12:30:04.09154Z","-7.61797905","122.4081497","3.614410248","M","23","27","99.37921429","Flores Sea","BMKG"
"456","bmg2022pgtd","2022-08-06T03:31:39.888915Z","-7.065666676","125.5426559","4.245747802","M","488","42","61.8331604","Banda Sea","BMKG"
"457","bmg2022pgrk","2022-08-06T02:38:51.896554Z","-4.593355656","138.1772156","4.817356538","M","95","40","69.43927002","Irian Jaya, Indonesia","BMKG"
"458","bmg2022pghr","2022-08-05T21:44:21.144192Z","-6.09383297","133.7326508","4.596969433","M","33","52","92.04763031","Aru Islands Region, Indonesia","BMKG"
"459","bmg2022pggo","2022-08-05T21:09:49.335461Z","-0.5600975156","123.2542801","3.894007816","M","10","52","42.12051392","Minahassa Peninsula, Sulawesi","BMKG"
"460","bmg2022pgfx","2022-08-05T20:50:19.387761Z","-0.1742052734","123.5376129","4.108008786","M","61","67","64.43804359","Minahassa Peninsula, Sulawesi","BMKG"
"461","bmg2022pgff","2022-08-05T20:28:40.8826Z","-9.194106102","115.2461624","3.159116793","M","70","54","208.3528061","South of Bali, Indonesia","BMKG"
"462","bmg2022pgfa","2022-08-05T20:23:03.345371Z","-8.355135918","117.1614838","2.803052518","M","10","31","149.8937225","Sumbawa Region, Indonesia","BMKG"
"463","bmg2022pgeq","2022-08-05T20:11:34.6894Z","1.830398798","127.2510681","3.658706252","M","26","32","130.0625916","Halmahera, Indonesia","BMKG"
"464","bmg2022pgcu","2022-08-05T19:15:40.427573Z","-7.507547379","126.703804","4.302521568","M","33","67","79.64744568","Banda Sea","BMKG"
"465","bmg2022pgao","2022-08-05T18:08:30.396391Z","-8.226518631","117.8069763","2.583694451","M","18","31","117.8832779","Sumbawa Region, Indonesia","BMKG"
"466","bmg2022pgai","2022-08-05T18:00:58.695344Z","0.5652772188","125.6527405","3.761994918","M","14","53","47.23790359","Northern Molucca Sea","BMKG"
"467","bmg2022pfzr","2022-08-05T17:41:27.42613Z","-0.5588338375","123.2808456","2.970508028","M","10","23","72.70935822","Minahassa Peninsula, Sulawesi","BMKG"
"468","bmg2022pfyj","2022-08-05T17:01:13.250609Z","-9.827692986","116.2886658","4.475878046","M","10","101","96.17149353","Sumbawa Region, Indonesia","BMKG"
"469","bmg2022pfyi","2022-08-05T17:00:02.918762Z","-8.412583351","119.7953644","3.854703074","M","153","46","81.12154417","Flores Region, Indonesia","BMKG"
"470","bmg2022pfxy","2022-08-05T16:48:32.193833Z","-3.381511688","140.4143372","3.863630279","M","13","22","146.9145203","Irian Jaya, Indonesia","BMKG"
"471","bmg2022pfvu","2022-08-05T15:43:26.939588Z","-2.479682446","118.9640427","3.341462853","M","10","32","195.970089","Sulawesi, Indonesia","BMKG"
"472","bmg2022pfvj","2022-08-05T15:30:30.814612Z","1.060949564","97.12394714","4.145653426","M","15","52","197.6733093","Northern Sumatra, Indonesia","BMKG"
"473","bmg2022pfuy","2022-08-05T15:17:33.984877Z","5.247545719","96.23900604","2.848421496","M","10","18","146.5574493","Northern Sumatra, Indonesia","BMKG"
"474","bmg2022pfux","2022-08-05T15:16:13.45803Z","-2.449246407","120.6352539","2.5899972","M","10","22","60.29486084","Sulawesi, Indonesia","BMKG"
"475","bmg2022pfqo","2022-08-05T13:05:12.500551Z","-9.610187531","121.9224701","3.369743259","M","10","27","85.83250427","Savu Sea","BMKG"
"476","bmg2022pfpu","2022-08-05T12:41:48.389458Z","-6.524644375","128.4639282","4.610257795","Mw(mB)","308","189","27.35899353","Banda Sea","BMKG"
"477","bmg2022pfoi","2022-08-05T11:57:50.16168Z","-6.569122314","129.9523926","4.981791758","M","157","114","22.9622345","Banda Sea","BMKG"
"478","bmg2022pflt","2022-08-05T10:38:43.108012Z","-9.463794708","118.9421082","4.025264971","M","33","43","167.2481155","Sumbawa Region, Indonesia","BMKG"
"479","bmg2022pfln","2022-08-05T10:32:26.997445Z","-9.471871376","118.962883","4.007313592","M","20","37","164.3323822","Sumbawa Region, Indonesia","BMKG"
"480","bmg2022pfjg","2022-08-05T09:23:13.561933Z","-7.705203056","104.9845352","5.392137618","M","26","234","74.55709839","Southwest of Sumatra, Indonesia","BMKG"
"481","bmg2022pfch","2022-08-05T05:51:53.524759Z","2.189263821","96.36824036","3.509559775","M","26","33","210.3048401","Northern Sumatra, Indonesia","BMKG"
"482","bmg2022pfbm","2022-08-05T05:28:18.812721Z","-1.417743206","119.5879822","2.837857703","M","10","22","126.9907837","Sulawesi, Indonesia","BMKG"
"483","bmg2022pfav","2022-08-05T05:08:39.41548Z","0.7306883931","120.5074463","3.057374835","M","13","22","158.6218376","Minahassa Peninsula, Sulawesi","BMKG"
"484","bmg2022pezz","2022-08-05T04:42:19.87104Z","-9.17296505","117.868721","2.439315462","M","15","16","170.9072723","Sumbawa Region, Indonesia","BMKG"
"485","bmg2022petq","2022-08-05T01:30:34.959785Z","-9.420516014","119.4776459","3.588619629","M","49","30","79.13456726","Sumba Region, Indonesia","BMKG"
"486","bmg2022penp","2022-08-04T22:27:14.376107Z","-9.399788857","125.1248627","3.318906102","M","27","16","223.6247838","Timor Region","BMKG"
"487","bmg2022pend","2022-08-04T22:13:11.810014Z","4.341353893","125.8571396","4.425604441","M","149","18","255.9370041","Talaud Islands, Indonesia","BMKG"
"488","bmg2022pegx","2022-08-04T19:04:11.597394Z","-8.3393507","118.0351486","3.165038621","M","10","32","122.2347717","Sumbawa Region, Indonesia","BMKG"
"489","bmg2022pegh","2022-08-04T18:45:36.102909Z","-6.423270702","103.7206421","3.254233767","M","11","22","245.1101761","Southwest of Sumatra, Indonesia","BMKG"
"490","bmg2022peec","2022-08-04T17:39:31.467942Z","-1.119146466","97.2774353","5.033991021","M","15","159","124.2858887","Southwest of Sumatra, Indonesia","BMKG"
"491","bmg2022pebt","2022-08-04T16:27:39.580098Z","-6.839709282","128.4535217","4.404711038","M","254","50","74.26779175","Banda Sea","BMKG"
"492","bmg2022pdyz","2022-08-04T15:04:06.748585Z","-8.304624557","118.0712204","3.992973025","M","10","68","66.01355553","Sumbawa Region, Indonesia","BMKG"
"493","bmg2022pdwk","2022-08-04T13:46:26.146364Z","-1.852422237","133.4669647","3.732509972","M","10","31","69.11616278","Irian Jaya Region, Indonesia","BMKG"
"494","bmg2022pdlo","2022-08-04T08:16:40.830276Z","-2.800933838","127.9490051","3.352381409","M","10","17","80.53738403","Ceram Sea","BMKG"
"495","bmg2022pdiw","2022-08-04T06:55:38.706511Z","-0.484918952","121.8158875","3.080468934","M","10","26","56.80465698","Minahassa Peninsula, Sulawesi","BMKG"
"496","bmg2022pdip","2022-08-04T06:47:51.653516Z","-7.85154438","118.6050644","3.969756402","M","26","53","98.71250534","Flores Sea","BMKG"
"497","bmg2022pddc","2022-08-04T04:00:23.95741Z","-2.268188477","121.5185852","3.631042893","M","10","50","53.64564514","Sulawesi, Indonesia","BMKG"
"498","bmg2022pcxe","2022-08-04T01:00:39.153144Z","2.575892925","128.1345825","4.564199853","M","140","49","172.8533249","Halmahera, Indonesia","BMKG"
"499","bmg2022pcsx","2022-08-03T22:51:30.278213Z","-8.436903954","118.0420837","3.271519653","M","11","27","108.2253723","Sumbawa Region, Indonesia","BMKG"
"500","bmg2022pcqs","2022-08-03T21:45:17.787678Z","-7.801804066","119.0370026","3.237949419","M","26","22","123.5947685","Flores Sea","BMKG"
"501","bmg2022pcqo","2022-08-03T21:41:03.41043Z","0.1350555569","99.90091705","2.882099881","M","10","15","88.28921509","Northern Sumatra, Indonesia","BMKG"
"502","bmg2022pcqc","2022-08-03T21:26:28.926743Z","-8.695390701","111.4938354","3.228693881","M","83","20","211.499527","Java, Indonesia","BMKG"
"503","bmg2022pcop","2022-08-03T20:41:09.350918Z","4.56155014","96.59117889","3.11214569","M","10","18","81.6409893","Northern Sumatra, Indonesia","BMKG"
"504","bmg2022pcjg","2022-08-03T17:58:47.040248Z","-8.867056847","108.5081329","3.76340532","M","14","35","236.7720947","Java, Indonesia","BMKG"
"505","bmg2022pccu","2022-08-03T14:43:08.059551Z","-0.3874064088","123.0304337","3.865588543","M","59","27","70.61138916","Minahassa Peninsula, Sulawesi","BMKG"
"506","bmg2022pcbz","2022-08-03T14:18:22.497566Z","-9.476138115","119.2827911","3.05350032","M","61","28","136.7407074","Sumba Region, Indonesia","BMKG"
"507","bmg2022pcaw","2022-08-03T13:44:26.817233Z","-9.341284752","118.9622803","3.171427183","M","25","30","154.7473297","Sumbawa Region, Indonesia","BMKG"
"508","bmg2022pbtt","2022-08-03T10:09:22.797882Z","-0.4325876832","125.8988571","3.792792341","M","104","23","49.59296036","Southern Molucca Sea","BMKG"
"509","bmg2022pbta","2022-08-03T09:46:40.477663Z","0.6112977266","122.1761093","3.355855249","M","63","21","97.18738174","Minahassa Peninsula, Sulawesi","BMKG"
"510","bmg2022pbsu","2022-08-03T09:39:58.816498Z","0.3841026127","122.0550308","4.684469639","M","178","114","40.67593765","Minahassa Peninsula, Sulawesi","BMKG"
"511","bmg2022pbrr","2022-08-03T09:06:31.432695Z","0.2514619827","96.5989151","4.511672852","M","10","47","225.1702728","Off West Coast of Northern Sumatra","BMKG"
"512","bmg2022pbrb","2022-08-03T08:47:04.19315Z","0.2559826076","96.63434601","4.828312994","M","10","57","211.5907288","Off West Coast of Northern Sumatra","BMKG"
"513","bmg2022pbpf","2022-08-03T07:51:55.518633Z","-9.251360893","124.1732559","5.14559609","Mw(mB)","68","230","39.61425781","Timor Region","BMKG"
"514","bmg2022pbor","2022-08-03T07:35:18.647201Z","2.06889534","98.86657715","3.049318493","M","10","20","84.72391796","Northern Sumatra, Indonesia","BMKG"
"515","bmg2022pbnw","2022-08-03T07:11:01.892221Z","-0.8472213149","121.5551758","3.094828035","M","10","24","67.12109947","Minahassa Peninsula, Sulawesi","BMKG"
"516","bmg2022pbmo","2022-08-03T06:30:36.687223Z","-1.949650884","100.0373764","3.615102343","M","10","21","132.9340744","Southern Sumatra, Indonesia","BMKG"
"517","bmg2022pbkq","2022-08-03T05:33:16.03635Z","0.2519420385","96.70496368","4.548303228","M","10","60","214.7279053","Off West Coast of Northern Sumatra","BMKG"
"518","bmg2022pbko","2022-08-03T05:30:14.965647Z","0.3445926309","96.71281433","4.096754826","M","10","18","227.8195572","Off West Coast of Northern Sumatra","BMKG"
"519","bmg2022pbey","2022-08-03T02:40:39.74965Z","-8.03775692","104.804657","4.400616552","M","10","53","156.5104065","Southwest of Sumatra, Indonesia","BMKG"
"520","bmg2022payx","2022-08-02T23:36:52.452506Z","-0.05236872286","123.184021","3.395806781","M","144","14","113.9256668","Minahassa Peninsula, Sulawesi","BMKG"
"521","bmg2022payb","2022-08-02T23:11:23.930129Z","-8.293704033","116.7013092","2.580258019","M","13","17","157.5224762","Sumbawa Region, Indonesia","BMKG"
"522","bmg2022pawf","2022-08-02T22:15:18.076889Z","-4.466496468","122.6408081","3.502834058","M","10","19","134.7279358","Sulawesi, Indonesia","BMKG"
"523","bmg2022paqf","2022-08-02T19:14:01.967504Z","-8.04679203","121.6368637","3.949788706","M","272","44","54.11800003","Flores Region, Indonesia","BMKG"
"524","bmg2022paog","2022-08-02T18:14:03.937581Z","1.772936463","126.3802109","3.97728022","M","10","22","95.17713165","Northern Molucca Sea","BMKG"
"525","bmg2022pajj","2022-08-02T15:46:09.641984Z","-7.69117403","105.9660797","3.075985808","M","17","19","253.3192825","Java, Indonesia","BMKG"
"526","bmg2022pafr","2022-08-02T13:54:18.33339Z","-6.771443367","129.9460449","4.329792358","M","190","26","84.04943848","Banda Sea","BMKG"
"527","bmg2022paej","2022-08-02T13:14:41.34715Z","-7.27555418","107.6683121","4.589948813","M","127","120","62.40072632","Java, Indonesia","BMKG"
"528","bmg2022pabd","2022-08-02T11:37:05.756627Z","0.8033769131","99.76236725","4.397346423","M","143","54","97.59701538","Northern Sumatra, Indonesia","BMKG"
"529","bmg2022ozyp","2022-08-02T10:19:30.424917Z","1.68896997","99.52411652","4.644778632","M","171","99","53.13104248","Northern Sumatra, Indonesia","BMKG"
"530","bmg2022ozxb","2022-08-02T09:32:39.472173Z","-9.035155296","118.6101227","3.564455642","M","81","24","145.2805481","Sumbawa Region, Indonesia","BMKG"
"531","bmg2022oztt","2022-08-02T07:53:10.595674Z","0.2457492054","96.78401947","4.399541435","M","21","49","233.1814867","Off West Coast of Northern Sumatra","BMKG"
"532","bmg2022oznl","2022-08-02T04:41:34.482646Z","-0.217976436","124.3849411","4.46149091","M","46","63","50.50436592","Southern Molucca Sea","BMKG"
"533","bmg2022ozdt","2022-08-01T23:48:00.545164Z","-0.0260262154","123.4552689","3.536689599","M","112","21","107.7943802","Minahassa Peninsula, Sulawesi","BMKG"
"534","bmg2022ozdp","2022-08-01T23:43:16.443814Z","-9.724564552","124.3503113","3.753906126","M","43","17","109.2327309","Timor Region","BMKG"
"535","bmg2022ozac","2022-08-01T21:56:32.019589Z","-7.809252739","105.9779053","3.627285802","M","10","34","145.2454834","Java, Indonesia","BMKG"
"536","bmg2022oyyw","2022-08-01T21:20:02.583424Z","-4.565474033","128.7473145","4.753996157","M","261","49","74.06726074","Banda Sea","BMKG"
"537","bmg2022oyyu","2022-08-01T21:17:11.753713Z","1.488216281","98.86820221","4.844087992","M","94","125","81.55290222","Northern Sumatra, Indonesia","BMKG"
"538","bmg2022oywb","2022-08-01T19:54:38.530195Z","-5.916046619","130.0763855","4.488324527","M","113","36","83.599823","Banda Sea","BMKG"
"539","bmg2022oyvu","2022-08-01T19:46:30.859981Z","2.340361834","127.3938141","3.410793409","M","93","22","172.977417","Northern Molucca Sea","BMKG"
"540","bmg2022oysz","2022-08-01T18:21:35.964608Z","-2.437336206","122.6192245","3.091144988","M","10","22","153.4544621","Sulawesi, Indonesia","BMKG"
"541","bmg2022oysw","2022-08-01T18:18:13.286334Z","-7.812783718","110.6317825","2.766433709","M","12","23","78.95372009","Java, Indonesia","BMKG"
"542","bmg2022oysp","2022-08-01T18:09:08.919352Z","-8.311229706","116.8543396","3.227487893","M","10","31","150.8864594","Sumbawa Region, Indonesia","BMKG"
"543","bmg2022oysa","2022-08-01T17:52:42.274226Z","-1.745061636","134.7806854","3.45271963","M","23","24","131.9869385","Irian Jaya Region, Indonesia","BMKG"
"544","bmg2022oyrt","2022-08-01T17:44:22.42928Z","-4.569912434","103.0576782","3.585144948","M","67","31","96.66117859","Southern Sumatra, Indonesia","BMKG"
"545","bmg2022oyob","2022-08-01T15:51:39.900452Z","-8.035430908","110.1447678","2.746348491","M","15","22","183.9219971","Java, Indonesia","BMKG"
"546","bmg2022oymg","2022-08-01T14:56:53.249436Z","2.367586374","128.4351349","3.980124663","M","227","37","174.5165558","Halmahera, Indonesia","BMKG"
"547","bmg2022oymb","2022-08-01T14:51:37.628644Z","2.568621397","127.095047","3.473300257","M","15","17","161.4294128","Northern Molucca Sea","BMKG"
"548","bmg2022oyij","2022-08-01T12:59:52.910342Z","-2.537770271","121.0437851","3.601735566","M","10","44","33.11392212","Sulawesi, Indonesia","BMKG"
"549","bmg2022oyea","2022-08-01T10:47:42.721223Z","0.00871903263","123.4150925","3.023435237","M","147","22","162.0776367","Minahassa Peninsula, Sulawesi","BMKG"
"550","bmg2022oydy","2022-08-01T10:45:47.293252Z","1.938315272","127.9189758","3.569556818","M","10","15","150.7879257","Halmahera, Indonesia","BMKG"
"551","bmg2022oyck","2022-08-01T09:58:58.505171Z","-3.643088341","128.4960632","3.92352464","M","120","44","139.8111343","Seram, Indonesia","BMKG"
"552","bmg2022oxzh","2022-08-01T08:24:00.74967Z","-0.2704075873","100.3388596","2.899903523","M","10","23","89.30889893","Southern Sumatra, Indonesia","BMKG"
"553","bmg2022oxya","2022-08-01T07:45:56.886836Z","-9.731484413","117.4666977","2.931563423","M","13","27","259.1378403","Sumbawa Region, Indonesia","BMKG"
"554","bmg2022oxxh","2022-08-01T07:24:09.330899Z","-3.440490484","139.7318268","4.723007028","M","77","25","105.8027077","Irian Jaya, Indonesia","BMKG"
"555","bmg2022oxwp","2022-08-01T07:03:01.285399Z","0.6954469085","121.859642","4.139624218","M","74","56","102.7243538","Minahassa Peninsula, Sulawesi","BMKG"
"556","bmg2022oxwa","2022-08-01T06:45:49.605603Z","1.926009297","127.9097595","3.420269109","M","10","13","196.0254974","Halmahera, Indonesia","BMKG"
"557","bmg2022oxsz","2022-08-01T05:12:51.137726Z","-8.309443474","120.2498703","3.195533785","M","165","32","85.11336136","Flores Region, Indonesia","BMKG"
"558","bmg2022oxsg","2022-08-01T04:51:00.356665Z","-7.89911747","118.77314","2.773780626","M","52","13","230.0731583","Flores Sea","BMKG"
"559","bmg2022oxqq","2022-08-01T04:01:58.270164Z","-1.031469703","127.0753708","3.358622465","M","10","16","142.1921568","Halmahera, Indonesia","BMKG"
"560","bmg2022oxnh","2022-08-01T02:20:24.278866Z","-2.465692759","140.6850891","3.156551831","M","21","7","248.0818024","Near North Coast of Irian Jaya","BMKG"
"561","bmg2022oxmo","2022-08-01T01:58:45.017714Z","-8.174078941","117.7117615","2.904371059","M","10","34","158.8028107","Sumbawa Region, Indonesia","BMKG"
"562","bmg2022oxlg","2022-08-01T01:18:17.827335Z","0.5839357972","126.4541016","3.889641764","M","27","34","43.31043434","Northern Molucca Sea","BMKG"
"563","bmg2022oxiv","2022-08-01T00:04:52.141826Z","-8.017505646","112.4469986","4.255108656","M","160","60","81.81939697","Java, Indonesia","BMKG"